0;0;0;0;x;x;
1;119;81;35;CAPRAIA;x;
2;100;66;27;ELBA;x;
3;78;54;25;PIANOSA;x;
4;99;67;29;GIGLIO;x;
5;77;54;25;MONTECRISTO;x;
6;39;107;28;CASTANICCIA;x;
7;67;147;54;ELLARATA;x;
8;97;195;83;FIUMORBO;x;
9;30;80;20;ALTA ROCCA;x;
10;48;145;32;FRETO;x;
11;94;188;79;ROCCA;x;
12;49;150;33;TARAVO;x;
13;33;82;23;GRAVONA;x;
14;71;150;58;LIAMONE;x;
15;40;104;29;DUI SEVI;x;
16;33;88;23;FILOSORMA;x;
17;98;195;83;BALAGNE;x;
18;34;118;20;CORTE;x;
19;61;138;49;CACCIA;x;
20;28;88;18;NEBBIO;x;
21;38;128;24;CAPO CORSO;x;
22;215;211;152;PONTINA;x;
23;201;187;156;CECCANO;x;
24;243;235;220;FROSINONE;x;
25;237;219;179;ANAGNI;x;
26;189;174;143;SEGNI;x;
27;246;236;218;SUBIACO;x;
28;224;215;194;VELLETRI;x;
29;231;213;175;NETTUNO;x;
30;210;197;168;OSTIA;x;
31;239;229;212;ALBANO;x;
32;213;210;155;PALESTRINA;x;
33;201;186;156;TIVOLI;x;
34;227;214;186;RIETI;x;
35;241;220;175;POLI;x;
36;217;205;178;FARFA;x;
37;231;218;195;SABINA;x;
38;200;196;124;FIANO;x;
39;231;222;205;ANGUILLARA;x;
40;234;230;168;CERVETERI;x;
41;219;212;197;BRACCIANO;x;
42;239;230;215;SUTRI;x;
43;215;205;178;ORTE;x;
44;6;120;255;HAMBURG;x;
45;134;122;0;L�BECK;x;
46;6;124;64;MECKLENBURG;x;
47;134;126;128;STRALSUND;x;
48;6;128;192;KOLBERG;x;
49;135;130;255;NEUMARK;x;
50;7;132;0;BERLIN;x;
51;135;134;64;RUPPIN;x;
52;7;136;128;MAGDEBURG;x;
53;135;138;192;L�NEBURG;x;
54;7;140;255;BREMEN;x;
55;135;142;0;OLDENBURG;x;
56;8;144;64;OSNABR�CK;x;
57;136;146;128;HANNOVER;x;
58;8;148;192;ANHALT;x;
59;136;150;255;MEISSEN;x;
60;8;152;0;LAUSITZ;x;
61;136;154;64;DRESDEN;x;
62;8;156;128;LEIPZIG;x;
63;137;158;192;ERFURT;x;
64;9;32;255;NIEDERBAYERN;x;
65;137;34;0;M�NCHEN;x;
66;9;36;64;BAMBERG;x;
67;137;38;128;FRANKEN;x;
68;9;40;192;MEMMINGEN;x;
69;137;42;255;KONSTANZ;x;
70;10;44;0;W�RTTEMBERG;x;
71;138;46;64;LEININGEN;x;
72;10;48;128;BREISGAU;x;
73;138;50;192;TIROL;x;
74;10;52;255;BADEN;x;
75;138;54;0;ELSASS;x;
76;10;56;64;SALZBURG;x;
77;139;58;128;WORMS;x;
78;11;60;192;PFALZ;x;
79;139;62;255;W�RZBURG;x;
80;11;64;0;TRIER;x;
81;139;66;64;HESSEN;x;
82;11;68;128;LIPPE;x;
83;139;70;192;NASSAU;x;
84;12;72;255;BERG;x;
85;140;74;0;K�LN;x;
86;12;76;64;M�NSTER;x;
87;227;223;154;MUGNANO;x;
88;219;215;144;CAPRANICA;x;
89;212;200;175;CIVITAVECCHIA;x;
90;229;220;199;CORNETO;x;
91;141;86;64;HAINAULT;x;
92;13;88;128;BRABANT;x;
93;141;90;192;LI�GE;x;
94;13;92;255;LUXEMBURG;x;
95;141;94;0;NOORD;x;
96;13;96;64;ZEELAND;x;
97;141;98;128;HOLLAND;x;
98;14;100;192;UTRECHT;x;
99;142;102;255;GELRE;x;
100;14;104;0;FRIESLAND;x;
101;142;106;64;LIGURIA;x;
102;14;108;128;NICE;x;
103;85;80;32;NIKLAS;x;
104;14;112;255;LOMBARDIA;x;
105;143;114;0;PARMA;x;
106;15;116;64;MODENA;x;
107;143;118;128;BRESCIA;x;
108;15;120;192;VERONA;x;
109;143;122;255;MANTUA;x;
110;15;124;0;TRENT;x;
111;143;126;64;FRIULI;x;
112;16;128;128;VENEZIA;x;
113;144;130;192;FERRARA;x;
114;16;132;255;ROMAGNA;x;
115;144;134;0;PISA;x;
116;16;136;64;FIRENZE;x;
117;144;138;128;SIENA;x;
118;16;140;192;ROMA;x;
119;145;142;255;ANCONA;x;
120;239;231;215;VITERBO;x;
121;208;202;189;MONTEFIASCONE;x;
122;213;209;140;PESCIA;x;
123;196;178;145;TOSCANELLA;x;
124;219;206;178;CASTRO;x;
125;212;208;136;PITIGLIANO;x;
126;232;229;177;ACQUAPENDENTE;x;
127;207;188;153;ORVIETO;x;
128;18;32;192;K�RNTEN;x;
129;146;34;255;KRAIN;x;
130;18;36;0;ISTRIA;x;
131;195;180;151;NARNI;x;
132;18;40;128;STEIERMARK;x;
133;147;42;192;LINZ;x;
134;19;44;255;WIEN;x;
135;239;235;176;AMELIA;x;
136;242;234;220;TERNI;x;
137;231;221;205;TODI;x;
138;210;206;144;NORCIA;x;
139;244;240;180;FOLIGNO;x;
140;234;224;207;ASSISI;x;
141;224;221;171;CITTA DELLA PIEVE;x;
142;217;213;154;MAGIONE;x;
143;229;203;178;MONTONE;x;
144;244;239;163;GUBBIO;x;
145;215;212;162;CITTA DI CASTELLO;x;
146;248;245;204;MONTE SANTA MARIA;x;
147;44;152;27;COSPAIA;x;
148;255;151;49;ASCOLI;x;
149;241;185;129;OFFIDA;x;
150;255;226;197;RIPATRANSONE;x;
151;181;92;6;FERMO;x;
152;248;123;0;MONTOLMO;x;
153;193;95;0;TOLENTINO;x;
154;255;126;0;CAMERINO;x;
155;205;134;65;LORETO;x;
156;255;195;137;MACERATA;x;
157;193;129;67;SAN SEVERINO;x;
158;255;154;56;FABRIANO;x;
159;212;144;77;SASSOFERRATO;x;
160;232;122;14;PERGOLA;x;
161;246;213;180;IESI;x;
162;219;146;76;CINGOLI;x;
163;255;240;226;OSIMO;x;
164;188;110;35;SENIGALLIA;x;
165;151;106;0;BERN;x;
166;23;108;64;SCHWYZ;x;
167;37;114;154;FANO;x;
168;72;163;210;MONDAVIO;x;
169;129;186;215;FOSSOMBRONE;x;
170;63;156;205;PESARO;x;
171;79;170;217;CAGLI;x;
172;72;128;157;CASTEL DURANTE;x;
173;25;95;131;PRATIEGHI;x;
174;92;181;227;SCAVOLINO;x;
175;57;151;200;MONTEFELTRO;x;
176;140;194;222;TALAMELLO;x;
177;119;95;10;SAN MARINO;x;
178;121;176;205;RIMINI;x;
179;32;105;143;SAVIGNANO;x;
180;255;252;210;GATTEO;x;
181;217;210;150;CESENA;x;
182;241;218;125;SARSINA;x;
183;236;230;183;CERVIA;x;
184;234;222;176;FORLIMPOPOLI;x;
185;205;198;135;FORLI;x;
186;244;239;198;FAENZA;x;
187;207;170;24;COMMERCY;x;
188;26;152;192;METZ;x;
189;155;154;255;LOTHRINGEN;x;
190;219;211;178;COTIGNOLA;x;
191;243;221;132;CASTEL BOLOGNESE;x;
192;212;204;136;IMOLA;x;
193;155;34;192;FRANCHE-COMT�;x;
194;241;237;207;CASTEL DEL RIO;x;
195;219;211;180;MEDICINA;x;
196;246;242;207;VERGATO;x;
197;255;227;113;PANICO;x;
198;251;247;209;CENTO;x;
199;243;217;113;MINERBIO;x;
200;236;212;116;LUGO;x;
201;248;243;203;ARGENTA;x;
202;243;218;119;COPPARO;x;
203;220;211;135;COMACCHIO;x;
204;229;218;175;ARIANO;x;
205;157;58;0;SAVOIE;x;
206;225;215;131;ALTO POLESINE;x;
207;124;97;39;MONTE ARGENTARIO;x;
208;155;135;91;ORBETELLO;x;
209;131;104;47;SOVANA;x;
210;177;166;139;SCANSANO;x;
211;140;119;74;GROSSETO;x;
212;164;144;102;ROCCALBEGNA;x;
213;174;162;133;SANTA FIORA;x;
214;150;130;86;CASTELL OTTIERI;x;
215;147;120;62;CHIUSI;x;
216;171;152;110;PIENZA;x;
217;181;166;135;MONTALCINO;x;
218;148;117;50;PAGANICO;x;
219;183;173;150;MASSA MARITTIMA;x;
220;167;153;123;MONTIERI;x;
221;97;18;18;CASTIGLIONE;x;
222;104;67;23;SCARLINO;x;
223;85;52;14;PIOMBINO;x;
224;95;75;19;SASSETTA;x;
225;136;107;73;CAMPIGLIA;x;
226;123;97;66;LIVORNO;x;
227;53;169;34;MONTEPULCIANO;x;
228;70;195;49;CORTONA;x;
229;44;143;27;LUCIGNANO;x;
230;56;166;38;LATERINA;x;
231;63;189;42;ELCI;x;
232;59;171;41;BORGO SANSEPOLCRO;x;
233;41;135;26;CHITIGNANO;x;
234;68;203;45;BIBBIENA;x;
235;135;25;25;BAGNO;x;
236;229;56;56;MODIGLIANA;x;
237;145;31;31;MARRADI;x;
238;219;63;63;FIRENZUOLA;x;
239;128;25;25;BORGO SAN LORENZO;x;
240;83;13;13;MANGONA;x;
241;133;29;29;VERNIO;x;
242;246;70;70;PRATO;x;
243;255;120;120;PISTOIA;x;
244;160;35;35;CUTIGLIANO;x;
245;224;62;62;VALDINIEVOLE;x;
246;154;44;44;VALDARNO;x;
247;243;59;59;PONTEDERA;x;
248;219;86;86;VOLTERRA;x;
249;255;39;39;COLLE;x;
250;99;18;18;SAN GIMIGNANO;x;
251;142;32;32;SAN MINIATO;x;
252;109;23;23;CASTELLINA;x;
253;229;97;97;SANTA CROCE;x;
254;125;222;109;VIAREGGIO;x;
255;81;196;62;PIETRASANTA;x;
256;76;188;58;CORSENA;x;
257;69;18;121;GARFAGNANA;x;
258;146;111;183;FIVIZZANO;x;
259;88;31;90;FOSDINOVO;x;
260;93;32;95;MASSA;x;
261;69;7;71;CARRARA;x;
262;107;36;179;SARZANA;x;
263;165;46;192;RATIBOR;x;
264;37;48;255;BRESLAU;x;
265;165;50;0;MORAVIA;x;
266;38;52;64;BOHEMIA;x;
267;166;54;128;PLSEN;x;
268;127;46;210;TRESANA;x;
269;148;60;239;BAGNONE;x;
270;45;7;83;VILLAFRANCA;x;
271;119;84;155;CALICE;x;
272;113;42;186;BRUGNATO;x;
273;59;0;119;MULAZZO;x;
274;169;90;251;PONTREMOLI;x;
275;25;82;16;CULAGNA;x;
276;45;114;33;CANOSSA;x;
277;34;99;23;REGGIO;x;
278;48;135;34;FRIGNANO;x;
279;62;162;45;VIGNOLA;x;
280;28;90;18;NONANTOLA;x;
281;162;22;81;MIRANDOLA;x;
282;123;18;62;CARPI;x;
283;155;31;84;CORREGGIO;x;
284;234;54;130;NOVELLARA;x;
285;177;37;97;GUASTALLA;x;
286;106;13;53;SABBIONETA;x;
287;200;29;101;GONZAGA;x;
288;188;21;92;CASTELLARO;x;
289;251;80;152;GOITO;x;
290;63;137;172;PESCHIERA;x;
291;40;101;130;MALCESINE;x;
292;75;147;181;VALPOLICELLA;x;
293;34;90;116;MONTAGNA;x;
294;100;172;205;ZEVIO;x;
295;48;113;143;LEGNAGO;x;
296;30;98;130;ESTE;x;
297;137;196;224;POLESINE;x;
298;103;166;196;ROVIGO;x;
299;120;191;224;LONIGO;x;
300;61;128;159;VICENZA;x;
301;177;226;249;ARZIGNANO;x;
302;69;143;177;SCHIO;x;
303;206;158;243;ASIAGO;x;
304;119;187;219;BASSANO;x;
305;24;91;123;CITTADELLA;x;
306;172;221;244;MIRANO;x;
307;175;220;241;FELTRE;x;
308;60;134;169;BELLUNO;x;
309;27;92;123;ZOLDO;x;
310;45;115;148;MESTRE;x;
311;65;138;172;ASOLO;x;
312;27;93;123;ZOSAGNA;x;
313;30;99;131;CENEDA;x;
314;184;228;249;CONEGLIANO;x;
315;55;127;160;ODERZO;x;
316;27;76;99;LATISANA;x;
317;108;163;188;PORTOGRUARO;x;
318;78;148;181;SACILE;x;
319;193;231;248;PORDENONE;x;
320;26;89;118;SAN VITO;x;
321;22;73;97;AVIANO;x;
322;102;181;113;AQUILEIA;x;
323;56;133;169;MONFALCONE;x;
324;134;188;213;CODROIPO;x;
325;193;230;248;CIVIDALE;x;
326;32;101;133;GEMONA;x;
327;74;149;184;MOGGIO;x;
328;157;219;248;TOLMEZZO;x;
329;77;155;191;CARNIA;x;
330;32;100;131;FORNI;x;
331;17;58;77;COMELICO;x;
332;123;187;217;CADORE;x;
333;36;107;140;AMPEZZO;x;
334;56;89;231;GRADO;x;
335;82;113;246;CAORLE;x;
336;86;118;255;CHIOGGIA;x;
337;68;101;244;CAVARZERE;x;
338;45;79;222;GAMBARERE;x;
339;133;188;213;SAVORGNANO;x;
340;152;150;92;TARVISIO;x;
341;50;128;164;TOLMIN;x;
342;81;157;193;IDRIJA;x;
343;74;152;85;AJDOVSCINA;x;
344;71;181;87;DUINO;x;
345;58;128;68;DIVACA;x;
346;35;103;135;BUZET;x;
347;83;158;193;KOPER;x;
348;56;134;171;MIRNA;x;
349;38;101;131;POREC;x;
350;82;157;191;ROVINJ;x;
351;38;108;140;LABIN;x;
352;134;88;191;BARBAN;x;
353;188;146;241;PAZIN;x;
354;164;118;220;LUPOGLAV;x;
355;140;96;195;OPATIJA;x;
356;16;73;99;LONATO;x;
357;54;132;169;ASOLA;x;
358;13;67;92;BAGNOLO;x;
359;33;86;111;ORZINUOVI;x;
360;160;214;239;ISEO;x;
361;56;133;171;TROMPIA;x;
362;155;207;232;SALO;x;
363;34;89;116;CIVIDATE;x;
364;161;211;234;CAMONICA;x;
365;34;91;116;EDOLO;x;
366;42;120;157;MARTINENGO;x;
367;62;162;208;LOVERE;x;
368;62;145;184;SCALVE;x;
369;19;80;109;BREMBANA;x;
370;30;87;114;CREMA;x;
371;232;166;166;LODRONE;x;
372;195;112;112;RIVA;x;
373;189;76;76;TORBOLE;x;
374;177;85;85;ROVERETO;x;
375;244;189;189;ALA;x;
376;213;92;92;ARCO;x;
377;205;131;131;LEDRO;x;
378;215;143;143;GIUDICARIE;x;
379;237;174;174;SOLE;x;
380;195;117;117;NON;x;
381;208;87;87;LAVIS;x;
382;222;155;155;VALSUGANA;x;
383;207;132;132;FIEMME;x;
384;237;84;84;TESINO;x;
385;249;100;100;PRIMIERO;x;
386;181;92;92;FASSA;x;
387;171;83;83;FODOM;x;
388;196;69;25;BOZEN;x;
389;251;170;15;LA SPEZIA;x;
390;239;198;119;LEVANTO;x;
391;239;188;89;LAVAGNA;x;
392;255;171;10;RAPALLO;x;
393;237;166;30;ARENZANO;x;
394;248;185;64;VARAZZE;x;
395;237;165;25;SAVONA;x;
396;184;153;28;NOLI;x;
397;251;243;25;FINALE;x;
398;243;236;40;LOANO;x;
399;224;156;25;ALASSIO;x;
400;248;240;31;ONEGLIA;x;
401;248;181;53;SANREMO;x;
402;207;143;20;BADALUCCO;x;
403;244;236;11;DOLCEACQUA;x;
404;220;157;36;VENTIMIGLIA;x;
405;203;130;202;TENDA;x;
406;239;183;238;SOSPELLO;x;
407;244;82;242;MONACO;x;
408;220;154;219;LANTOSCA;x;
409;239;191;238;ROCCASTERONE;x;
410;207;135;206;POGGETTO;x;
411;246;188;245;SANTO STEFANO;x;
412;213;146;212;BARCELLONETTA;x;
413;224;218;43;MARO;x;
414;243;238;105;ZUCCARELLO;x;
415;184;76;203;ORMEA;x;
416;212;103;232;CEVA;x;
417;248;245;176;CARRETTO;x;
418;70;128;27;CAIRO;x;
419;239;234;100;SPIGNO;x;
420;244;236;14;SASSELLO;x;
421;76;138;30;CAMPO;x;
422;93;157;46;CREMOLINO;x;
423;125;198;72;OVADA;x;
424;208;143;20;NOVI;x;
425;79;147;28;ACQUI;x;
426;69;138;19;PONZONE;x;
427;69;131;24;ALBA;x;
428;43;80;16;INCISA;x;
429;63;116;25;MOMBERCELLI;x;
430;124;244;35;CANELLI;x;
431;60;109;24;BAROLO;x;
432;192;244;154;ASTI;x;
433;169;231;124;CANALE;x;
434;86;155;35;OCCIMIANO;x;
435;67;130;21;CHIVASSO;x;
436;51;92;20;COCCONATO;x;
437;237;193;41;VALPERGA;x;
438;138;211;222;PAESANA;x;
439;155;230;241;DRONERO;x;
440;237;175;236;ARGENTERA;x;
441;210;138;209;CENTALLO;x;
442;241;182;240;BORGO SAN DALMAZZO;x;
443;222;163;221;LIMONE;x;
444;201;132;200;MONDOVI;x;
445;231;170;230;CLAVESANA;x;
446;220;156;219;FOSSANO;x;
447;237;177;236;SAVIGLIANO;x;
448;102;186;198;CHERASCO;x;
449;111;195;208;CARMAGNOLA;x;
450;224;165;223;POIRINO;x;
451;239;185;238;CHIERI;x;
452;167;109;166;PELLICE;x;
453;244;195;243;PINEROLO;x;
454;203;139;202;CAVOUR;x;
455;189;125;188;MONCALIERI;x;
456;217;156;216;GIAVENO;x;
457;203;143;202;SUSA;x;
458;220;164;219;SETTIMO TORINESE;x;
459;184;116;183;CIRIACESE;x;
460;234;179;233;LANZO;x;
461;244;201;243;CANAVESE;x;
462;229;175;228;IVREA;x;
463;213;155;212;BIELLA;x;
464;246;198;245;SANTHIA;x;
465;208;153;207;VERCELLI;x;
466;225;169;224;BALOCCO;x;
467;210;54;117;MESSERANO;x;
468;176;72;114;BARD;x;
469;217;94;143;SAN VINCENZO;x;
470;205;84;133;FENIS;x;
471;181;75;117;AOSTA;x;
472;207;92;138;CORMAGGIORE;x;
473;126;224;110;VARZI;x;
474;106;198;91;BUSALLA;x;
475;55;126;43;CROCE;x;
476;118;213;102;TORRIGLIA;x;
477;63;136;51;PREGOLA;x;
478;83;171;68;AVETO;x;
479;123;217;108;BOBBIO;x;
480;115;208;100;VARESE;x;
481;78;164;64;TARO;x;
482;193;43;114;BARDI;x;
483;234;55;130;ROLO;x;
484;227;70;137;GAZOLDO;x;
485;60;135;48;ROSSENA;x;
486;182;135;188;BRESCELLO;x;
487;163;95;171;SORAGNA;x;
488;87;48;92;LANGHIRANO;x;
489;146;109;150;TIZZANO;x;
490;178;131;184;BERCETO;x;
491;124;75;130;VARANO;x;
492;200;161;205;BORGO SAN DONNINO;x;
493;165;117;171;FIORENZUOLA;x;
494;89;46;94;LUGAGNANO;x;
495;218;183;222;PIACENZA;x;
496;178;130;184;RIVERGARO;x;
497;213;55;129;FARINI;x;
498;142;101;147;ROTTOFRENO;x;
499;154;109;159;ALESSANDRIA;x;
500;175;125;181;VALENZA;x;
501;136;83;142;TORTONA;x;
502;89;47;94;MOMPERONE;x;
503;177;128;183;VOGHERA;x;
504;115;62;121;BRONI;x;
505;187;140;193;GARLASCO;x;
506;89;48;94;LOMELLO;x;
507;147;105;152;MORTARA;x;
508;80;39;85;VIGEVANO;x;
509;105;57;111;SOSPIRO;x;
510;220;186;224;CASALMAGGIORE;x;
511;87;46;92;CODOGNO;x;
512;183;134;189;LODI;x;
513;116;69;121;SONCINO;x;
514;85;42;90;TREVIGLIO;x;
515;119;64;126;TREZZO;x;
516;166;119;172;MONZA;x;
517;90;48;95;RHO;x;
518;112;58;118;ROSATE;x;
519;71;34;75;LEGNANO;x;
520;165;115;171;SEPRIO;x;
521;121;76;126;LUINO;x;
522;136;87;142;MACCAGNO;x;
523;114;59;121;CANTU;x;
524;94;50;99;OGGIONO;x;
525;123;68;130;LECCO;x;
526;100;54;106;VALSOLDA;x;
527;117;70;123;BORMIO;x;
528;139;90;145;TIRANO;x;
529;122;71;128;SONDRIO;x;
530;139;91;145;MORBEGNO;x;
531;80;41;85;CHIAVENNA;x;
532;171;125;177;DOMASO;x;
533;166;118;172;BIANDRATE;x;
534;114;60;121;ARONA;x;
535;129;80;135;ROMAGNANO;x;
536;152;111;157;ORTA;x;
537;168;117;174;VARALLO;x;
538;129;81;135;OMEGNA;x;
539;182;131;188;PALLANZA;x;
540;161;111;167;VIGEZZO;x;
541;106;57;112;ANTIGORIO;x;
542;94;49;99;OSSOLA;x;
543;135;93;65;MESOLCINA;x;
544;116;78;53;BELLINZONA;x;
545;154;112;84;BIASCA;x;
546;145;103;75;BLENIO;x;
547;109;74;51;LEVENTINA;x;
548;150;108;81;MENDRISIO;x;
549;162;118;88;LUGANO;x;
550;140;97;69;SONOGNO;x;
551;159;115;85;LOCARNO;x;
552;126;86;59;VALLEMAGGIA;x;
553;157;63;7;INNICHEN;x;
554;227;104;61;TOBLACH;x;
555;138;59;12;BRUNECK;x;
556;241;137;101;UTTENHEIM;x;
557;229;99;53;TAUFERS;x;
558;220;97;53;ABTEI;x;
559;203;83;41;NATZ;x;
560;154;64;10;BRIXEN;x;
561;210;86;43;STERZING;x;
562;143;50;18;SANKT ULRICH;x;
563;227;96;50;MAULTASCH;x;
564;169;57;19;TIROL;x;
565;212;84;39;SCHLANDERS;x;
566;186;72;32;VINSCHGAU;x;
567;166;65;29;TARASP;x;
568;94;251;227;REMUS;x;
569;43;193;170;TASNA;x;
570;84;249;224;MUSTAIR;x;
571;55;220;195;ENGADIN;x;
572;44;184;163;BERGELL;x;
573;84;248;224;POSCHIAVO;x;
574;96;251;227;BERGUN;x;
575;54;217;192;HALBSTEIN;x;
576;106;251;229;FURSTENAU;x;
577;21;124;91;DAVOS;x;
578;30;150;112;LANGWIES;x;
579;28;162;119;KLOSTERS;x;
580;19;114;84;SCHIERS;x;
581;29;167;123;MAIENFELD;x;
582;20;107;79;HALDENSTEIN;x;
583;18;104;77;SPLUGEN;x;
584;20;117;87;THUSIS;x;
585;16;95;70;RHAZUNS;x;
586;34;150;113;JORGENBERG;x;
587;20;118;87;DISENTIS;x;
588;75;46;27;VADUZ;x;
589;84;141;205;BLUDENZ;x;
590;117;172;234;SONNENBERG;x;
591;30;82;140;BLUMENEGG;x;
592;44;102;166;FELDKIRCH;x;
593;32;80;133;HOHENEMS;x;
594;149;194;246;BREGENZERWALD;x;
595;82;136;198;DORNBIRN;x;
596;54;112;177;HOHENEGG;x;
597;136;87;55;RHEINTAL;x;
598;104;65;39;HOHENSAX;x;
599;133;83;50;WERDENBERG;x;
600;99;63;39;SARGANS;x;
601;112;73;47;PFAFERS;x;
602;78;48;28;APPENZELL;x;
603;65;40;23;HERISAU;x;
604;138;73;30;STARKENSTEIN;x;
605;169;116;81;TOGGENBURG;x;
606;124;70;34;RORSCHACH;x;
607;83;52;31;WINDEGG;x;
608;128;82;52;UZNACH;x;
609;140;90;57;GLARUS;x;
610;188;130;92;LINTHAL;x;
611;167;104;62;ARBON;x;
612;71;44;26;KREUZLINGEN;x;
613;162;100;59;FRAUENFELD;x;
614;145;78;34;TANNEGG;x;
615;207;143;101;STEIN AM RHEIN;x;
616;68;39;19;SCHAFFHAUSEN;x;
617;196;143;107;SIBLINGEN;x;
618;152;84;38;SEUZACH;x;
619;71;41;21;WINTERTHUR;x;
620;97;59;34;KYBURG;x;
621;174;124;91;GREIFENSEE;x;
622;61;36;20;GRUNINGEN;x;
623;104;66;39;RAPPERSWIL;x;
624;123;80;52;NEUAMT;x;
625;92;56;32;BADEN IM AARGAU;x;
626;130;87;59;FREIE AMTER;x;
627;133;69;26;HORGEN;x;
628;82;51;31;WADENSWIL;x;
629;143;97;67;HOFE;x;
630;123;78;48;EINSIEDELN;x;
631;58;34;18;MARCH;x;
632;53;31;16;ZUG;x;
633;140;95;65;KUSSNACHT;x;
634;70;42;24;GERSAU;x;
635;116;74;46;URI;x;
636;90;53;28;URSEREN;x;
637;201;147;111;NIDWALDEN;x;
638;83;49;27;OBWALDEN;x;
639;66;40;23;ENGELBERG;x;
640;63;38;21;LENZBURG;x;
641;136;94;67;WILLISAU;x;
642;53;32;18;ENTLEBUCH;x;
643;95;59;35;SURSEE;x;
644;169;121;89;HOCHDORF;x;
645;229;173;136;LUZERN;x;
646;41;25;14;OSSINGEN;x;
647;198;146;112;HABSBURG;x;
648;171;111;70;BRUGG;x;
649;142;89;53;FRICKGAU;x;
650;171;114;46;BUCHSGAU;x;
651;99;67;30;SOLOTHURN;x;
652;128;90;46;BUCHEGG;x;
653;88;125;208;THIERSTEIN;x;
654;49;82;155;SISGAU;x;
655;219;227;246;BASEL;x;
656;180;200;246;SAUGERN;x;
657;94;123;189;AJOIE;x;
658;47;78;148;SAINT-URSANNE;x;
659;205;217;246;MOUTIER-GRANDVAL;x;
660;109;139;208;BELLELAY;x;
661;140;168;232;BIENNE;x;
662;87;61;40;DIESSE;x;
663;205;216;246;VALANGIN;x;
664;177;198;244;NEUCHATEL;x;
665;102;132;198;GORGIER;x;
666;128;157;222;GRANDSON;x;
667;208;141;97;BURGDORF;x;
668;241;192;159;LAUPEN;x;
669;107;77;52;ERLACH;x;
670;44;27;15;BELP;x;
671;220;175;145;TRACHSELWALD;x;
672;200;134;90;THUN;x;
673;152;114;89;INTERLAKEN;x;
674;189;137;103;HASLITAL;x;
675;80;46;24;FRUTIGEN;x;
676;179;141;115;SPIEZ;x;
677;51;31;17;SIMMENTAL;x;
678;68;47;30;GRASBURG;x;
679;135;79;33;PLAFFEIEN;x;
680;102;76;54;SAANEN;x;
681;174;116;70;GRUYERE;x;
682;56;39;25;AIGLE;x;
683;82;57;37;VEVEY;x;
684;145;89;43;MURTEN;x;
685;107;80;38;AVENCHES;x;
686;176;137;111;ROMONT;x;
687;63;43;26;ESTAVAYER;x;
688;203;140;89;MOUDON;x;
689;99;75;37;YVERDON;x;
690;71;48;27;ECHALLENS;x;
691;148;92;46;LAUSANNE;x;
692;136;85;43;ROMAINMOTIER;x;
693;135;102;51;AUBONNE;x;
694;195;133;83;NYON;x;
695;112;136;239;MEYRIN;x;
696;176;80;70;GOMS;x;
697;219;102;90;RARON;x;
698;154;64;55;BRIG;x;
699;130;50;41;VISP;x;
700;171;76;66;LEUK;x;
701;203;93;82;SIERRE;x;
702;136;54;45;CONTHEY;x;
703;126;42;34;MARTIGNY;x;
704;196;76;64;SAINT-MAURICE;x;
705;150;57;48;MONTHEY;x;
706;224;152;199;CHABLAIS;x;
707;203;131;178;THONON;x;
708;225;157;202;TERNIER;x;
709;205;135;181;GEX;x;
710;241;102;145;SAINT-CLAUDE;x;
711;248;31;97;FOUGEROLLES;x;
712;205;59;103;GRANDVAUX;x;
713;212;57;105;FAUCOGNEY;x;
714;155;29;67;ORGELET;x;
715;231;32;93;CLAIRVAUX;x;
716;222;89;130;BLETTERANS;x;
717;234;62;115;LONS-LE-SAUNIER;x;
718;135;22;57;POLIGNY;x;
719;143;44;74;LUXEUIL;x;
720;215;62;108;ARBOIS;x;
721;224;88;129;NOZEROY;x;
722;244;26;93;MOUTHE;x;
723;246;132;167;PONTARLIER;x;
724;212;55;105;FRASNE;x;
725;150;26;64;QUINGEY;x;
726;248;21;91;LONGWY;x;
727;179;60;97;LURE;x;
728;188;45;89;VITREUX;x;
729;244;110;151;DOLE;x;
730;239;26;91;GRAY;x;
731;251;130;167;CHAMPLITTE;x;
732;143;26;61;GYSSOIS;x;
733;236;105;145;CHATILLON-LE-DUC;x;
734;251;139;173;SAONE;x;
735;212;31;86;ORNANS;x;
736;186;41;85;VALDAHON;x;
737;217;36;91;MONTBELIARD;x;
738;136;24;58;BAUME;x;
739;154;47;80;SANCEY;x;
740;243;132;166;MONTJOIE;x;
741;246;76;128;HERICOURT;x;
742;213;62;108;CROMARY;x;
743;229;97;137;MONTBOZON;x;
744;179;40;83;MONJUSTIN;x;
745;111;17;46;SURSEANCE TERRES;x;
746;234;50;106;RIOLAIS;x;
747;248;121;160;VESOUL;x;
748;181;40;83;JUSSEY;x;
749;231;171;211;BAGE;x;
750;222;133;192;MONTREVEL;x;
751;196;135;175;COLIGNY;x;
752;237;183;219;VARAMBON;x;
753;227;159;204;VILLARS;x;
754;220;129;189;VALBONNE;x;
755;207;144;186;LAGNIEU;x;
756;234;177;215;SAINT-RAMBERT;x;
757;227;160;204;VAREY;x;
758;225;135;194;THOIRE;x;
759;231;172;211;NANTUA;x;
760;232;145;202;LEAZ;x;
761;249;145;214;VALROMEY;x;
762;227;161;204;BUGEY;x;
763;220;137;192;BELLEY;x;
764;244;185;224;AIX;x;
765;220;127;188;MONTMELIAN;x;
766;237;202;225;CHARBONNIERES;x;
767;229;140;199;MAURIENNE;x;
768;229;163;206;AMOUDANE;x;
769;210;138;186;AUSSOIS;x;
770;234;170;212;TARENTAISE;x;
771;236;190;220;BOURG-SAINT-MAURICE;x;
772;248;154;216;CONFLANS;x;
773;215;148;192;BEAUFORT;x;
774;232;159;207;CHAMONIX;x;
775;239;189;222;SALLANCHES;x;
776;251;151;217;CLUSES;x;
777;239;180;219;FAUCIGNY;x;
778;229;158;205;LA CLUSAZ;x;
779;243;194;226;DOUSSARD;x;
780;251;160;220;ALBANAIS;x;
781;210;144;188;ANNECY;x;
782;225;201;65;KAPLICE;x;
783;255;228;78;CESKY KRUMLOV;x;
784;225;200;65;PRACHATICE;x;
785;255;227;78;SUSICE;x;
786;225;199;65;KLATOVY;x;
787;255;226;78;DOMAZLICE;x;
788;225;198;65;HORSOVSKY TYN;x;
789;255;225;78;TACHOV;x;
790;225;197;65;PLANA;x;
791;225;196;65;AS;x;
792;225;195;65;KRASLICE;x;
793;255;222;78;JACHYMOV;x;
794;225;194;65;KADAN;x;
795;255;220;78;CHUMOTOV;x;
796;225;193;65;MOST;x;
797;255;219;78;DUCHCOV;x;
798;238;243;105;TEPLICE;x;
799;225;192;65;USTI;x;
800;255;218;78;DECIN;x;
801;225;191;65;RUMBURK;x;
802;255;217;78;SLUKNOV;x;
803;243;251;80;JABLONNE;x;
804;225;190;65;LIBEREC;x;
805;255;216;78;FRYDLANT;x;
806;243;252;80;JABLONEC;x;
807;225;189;65;JILEMNICE;x;
808;255;213;78;VRCHLABI;x;
809;225;188;65;TRUTNOV;x;
810;225;206;65;BROUMOV;x;
811;255;212;78;NACHOD;x;
812;225;187;65;ZAMBERK;x;
813;246;217;10;LANSKROUN;x;
814;225;204;65;LITOMYSL;x;
815;243;253;80;POLICKA;x;
816;255;229;78;VYSOKE MYTO;x;
817;225;205;65;RYCHNOV;x;
818;223;204;66;CHRUDIM;x;
819;246;218;10;CHOTEBOR;x;
820;225;203;65;NEMECKY BROD;x;
821;255;230;78;PELHRIMOV;x;
822;255;206;78;TREBON;x;
823;225;212;65;TYN NAD VLTAVOU;x;
824;255;205;78;PISEK;x;
825;243;245;80;STRAKONICE;x;
826;225;211;65;BLATNA;x;
827;246;213;10;PRESTICE;x;
828;243;246;80;STRIBRO;x;
829;255;223;78;TEPLA;x;
830;243;247;80;SOKOLOV;x;
831;224;231;36;LOKET;x;
832;246;214;10;KARLOVY VARY;x;
833;243;248;80;ZLUTICE;x;
834;225;210;65;KRALOVICE;x;
835;255;221;78;PODBORANY;x;
836;225;183;65;RAKOVNIK;x;
837;255;207;78;HOROVICE;x;
838;225;180;65;PRIBRAM;x;
839;225;213;65;SEDLCANY;x;
840;225;181;65;MILEVSKO;x;
841;243;243;80;TABOR;x;
842;246;210;10;BENESOV;x;
843;255;209;78;JESENICE;x;
844;225;209;65;SMICHOV;x;
845;225;214;65;CESKY BROD;x;
846;255;210;78;KOLIN;x;
847;225;179;65;KUTNA HORA;x;
848;243;242;80;LEDEC;x;
849;255;211;78;CASLAV;x;
850;246;216;10;PODEBRADY;x;
851;225;215;65;NOVY BYDZOV;x;
852;243;240;80;DVUR KRALOVE;x;
853;243;239;80;JICIN;x;
854;255;214;78;SEMILY;x;
855;225;207;65;TURNOV;x;
856;255;215;78;MNICHOVO HRADISTE;x;
857;225;185;65;MLADA BOLESLAV;x;
858;225;184;64;CESKA LIPA;x;
859;246;215;10;DUBA;x;
860;225;208;65;MELNIK;x;
861;246;211;10;BRANDYS;x;
862;225;184;65;ROUDNICE;x;
863;255;208;78;SLANY;x;
864;246;212;10;LOUNY;x;
865;243;249;80;ZATEC;x;
866;184;126;2;HODONIN;x;
867;249;175;18;HUSTOPECE;x;
868;241;184;58;MIKULOV;x;
869;225;163;35;MORAVSKY KRUMLOV;x;
870;184;125;2;ZNOJMO;x;
871;241;189;58;MORAVSKE BUDEJOVICE;x;
872;225;165;35;DACICE;x;
873;184;124;2;JIHLAVA;x;
874;249;175;17;TREBIC;x;
875;225;164;35;VELKE MEZIRICI;x;
876;249;175;16;NOVE MESTO;x;
877;184;123;2;BOSKOVICE;x;
878;241;186;58;PROSTEJOV;x;
879;225;162;35;VYSKOV;x;
880;241;185;58;KYJOV;x;
881;249;175;19;UHERSKE HRADISTE;x;
882;241;188;58;UHERSKY BROD;x;
883;225;158;35;HOLESOV;x;
884;184;118;2;KROMERIZ;x;
885;249;175;21;PREROV;x;
886;249;175;20;VALASSKE MEZIRICI;x;
887;225;157;35;NOVY JICIN;x;
888;184;120;2;HRANICE;x;
889;241;187;58;STERNBERK;x;
890;184;121;2;RYMAROV;x;
891;225;160;35;SUMPERK;x;
892;184;122;2;ZABREH;x;
893;225;161;35;SVITAVY;x;
894;249;175;22;LITOVEL;x;
895;229;166;31;FRYDEK;x;
896;200;151;50;CIESZYN;x;
897;200;152;50;OPAVA;x;
898;239;168;17;KRNOV;x;
899;248;200;86;OSOBLAHA;x;
900;167;112;5;FRYVALDOV;x;
901;180;201;84;KLADSKO;x;
902;157;176;70;BYSTRICE;X ;
903;53;65;109;LAUBAN;x;
904;116;131;186;SEIDENBERG;x;
905;91;104;155;G�NTHERSDORF;x;
906;130;145;198;B�HMISCH ROTHENBURG;x;
907;34;45;87;L�BAU;x;
908;84;99;154;ZITTAU;x;
909;33;43;82;MUSKAU;x;
910;67;81;128;BOXBERG;x;
911;48;59;102;HOYERSWERDA;x;
912;67;80;128;KAMENZ;x;
913;42;66;155;K�NIGSBR�CK;x;
914;53;81;183;BISCHOFSWERDA;x;
915;141;160;231;FINSTERWALDE;x;
916;113;131;196;DOBERLUG;x;
917;76;98;181;SONNEWALDE;x;
918;92;111;181;KALAU;x;
919;63;80;143;LUCKAU;x;
920;145;163;232;STRAUPITZ;x;
921;177;192;249;LIEBEROSE;x;
922;113;130;196;NEUZELLE;x;
923;95;113;181;GUBEN;x;
924;60;76;136;PF�RTEN;x;
925;49;61;104;SORAU;x;
926;170;185;243;FORST;x;
927;38;63;155;PEITZ;x;
928;90;108;176;SPREMBERG;x;
929;49;78;188;BEESKOW;x;
930;69;102;224;STORKOW;x;
931;53;84;198;TEUPITZ;x;
932;42;70;174;ZOSSEN;x;
933;69;101;224;BARUTH;x;
934;35;166;47;OSWIECIM;x;
935;34;112;42;BIELSKO;x;
936;83;177;91;SKOCZOW;x;
937;35;165;47;SIEWIERZ;x;
938;61;146;69;BYTOM;x;
939;38;118;46;KATOWICE;x;
940;119;236;130;PSZCZNA;x;
941;32;106;39;RYBNIK;x;
942;61;138;68;WODZISLAW;x;
943;133;176;70;HULCZYN;x;
944;51;133;59;KIETRZ;x;
945;82;162;89;GLUBCZYCE;x;
946;61;198;73;TOSZEK;x;
947;115;231;126;SOSNICOWICE;x;
948;63;145;70;KOZLE;x;
949;70;156;78;UJAZD;x;
950;159;255;168;STRZELCE;x;
951;86;229;100;LUBLINIEC;x;
952;147;248;156;OLESNO;x;
953;40;174;53;MUROW;x;
954;82;229;96;MARKOWE;x;
955;86;184;95;KLUCZBORK;x;
956;83;227;96;NIEMODLIN;x;
957;55;191;68;PRUDNIK;x;
958;43;177;56;GRODKOW;x;
959;44;118;51;NYSA;x;
960;174;249;181;BRZEG;x;
961;64;210;78;OLAWA;x;
962;78;227;92;STRZELIN;x;
963;46;118;53;NIEMCZA;x;
964;38;104;44;KATY;x;
965;81;191;91;ZIEBICE;x;
966;60;150;68;ZABKOWICE;x;
967;133;222;142;RYCHBACH;x;
968;169;249;176;SWIDNICA;x;
969;124;231;134;WALBRZYCH;x;
970;42;198;57;STRZEGOM;x;
971;155;241;163;KAMIENNA GORA;x;
972;34;95;40;BOLKOW;x;
973;76;162;84;JAWOR;x;
974;88;201;99;SWIERZAWA;x;
975;61;145;69;CHOJNIK;x;
976;38;188;52;LWOWEK;x;
977;128;234;138;HAJNOW;x;
978;88;200;99;BOLESLAWIEC;x;
979;61;186;72;SRODA;x;
980;39;107;45;LUBIN;x;
981;41;106;47;GORA;x;
982;84;198;95;SCINAWA;x;
983;32;172;45;WOLOW;x;
984;36;208;52;TRZEBNICA;x;
985;120;237;131;OLESNICA;x;
986;80;224;93;ZMIGROD;x;
987;81;195;92;MILICZ;x;
988;75;160;83;GOSZCZ;x;
989;81;196;92;SYCOW;X ;
990;70;157;78;NAMYSLOW;x;
991;135;239;145;BYTOM ODRZANSKI;x;
992;58;140;65;SZPROTAWA;x;
993;37;183;51;KOZUCHOW;x;
994;60;143;68;ZIELONA GORA;x;
995;90;229;103;ZAGAN;x;
996;39;179;52;PRZEWOZ;x;
997;47;193;61;DYCHOW;x;
998;118;205;126;KROSNO;x;
999;29;164;42;SULECHOW;x;
1000;84;176;93;SWIEBODZIN;x;
1001;197;219;96;NOWA RUDA;x;
1002;200;147;33;BRUNTAL;x;
1003;238;166;17;FULNEK;x;
1004;212;178;42;MATREI;x;
1005;231;215;126;LUGGAU;x;
1006;159;140;32;OBERDRAUBURG;x;
1007;217;183;49;STALL;x;
1008;251;232;130;MORTSCHACH;x;
1009;251;233;158;HERMAGOR;x;
1010;227;204;80;GREIFENBURG;x;
1011;166;146;34;SACHSENWEG;x;
1012;246;225;111;OBERVELLACH;x;
1013;227;205;80;INNERKREMS;x;
1014;225;193;16;SPITTAL;x;
1015;212;181;8;FEISTRITZ;x;
1016;147;129;27;TREFFEN;x;
1017;196;168;10;LIEMBERG;x;
1018;234;218;129;GRIFFEN;x;
1019;189;168;49;FRIESACH;x;
1020;232;209;80;WOLFSBERG;x;
1021;237;202;10;SANKT ANDRA;x;
1022;140;122;25;VOLKERMARKT;x;
1023;251;237;158;ALTHOFEN;x;
1024;222;191;20;SANKT VEIT;x;
1025;205;176;16;JAUNTAL;x;
1026;232;199;15;BLEIBURG;x;
1027;234;214;101;GUTENSTEIN;x;
1028;217;195;71;EISENKAPPEL;x;
1029;142;124;25;FERLACH;x;
1030;34;208;59;OBERBURG;x;
1031;46;152;61;TUFFER;x;
1032;83;212;101;GURKFELD;x;
1033;18;102;30;ROHITSCH;x;
1034;33;200;57;GORISCHNITZ;x;
1035;46;159;62;GONOBITZ;x;
1036;87;217;105;WINDISCHGRATZ;x;
1037;18;101;31;UNTERDRAUBURG;x;
1038;60;181;77;MARBURG;x;
1039;101;231;120;PETTAU;x;
1040;74;208;93;FRIEDAU;x;
1041;23;118;36;LUTTENBERG;x;
1042;31;205;56;EIBISWALD;x;
1043;13;80;22;DEUTSCHLANDSBERG;x;
1044;42;154;58;LEIBNITZ;x;
1045;76;201;93;RADKERSBURG;x;
1046;41;149;56;VOITSBERG;x;
1047;16;88;26;FROHNLEITEN;x;
1048;41;150;56;WEIZ;x;
1049;21;196;45;GLEISDORF;x;
1050;62;183;79;FELDBACH;x;
1051;86;213;104;FURSTENFELD;x;
1052;65;187;83;HARTBERG;x;
1053;21;196;44;VORAU;x;
1054;17;94;28;FRIEDBERG;x;
1055;17;87;27;MURZZUSCHLAG;x;
1056;92;220;110;KINDBERG;x;
1057;66;186;83;BRUCK;x;
1058;34;133;48;AFLENZ;x;
1059;16;181;40;LEOBEN;x;
1060;73;196;90;KNITTELFELD;x;
1061;36;207;60;MAUTERN;x;
1062;16;92;27;EISENERZ;x;
1063;36;217;61;MARIAZELL;x;
1064;100;225;117;GALLENSTEIN;x;
1065;15;188;39;LIEZEN;x;
1066;40;145;55;ROTTENMANN;x;
1067;19;94;29;OBERZEIRING;x;
1068;27;195;51;OBERWOLZ;x;
1069;33;131;47;SANKT LAMBRECHT;x;
1070;93;219;111;MURAU;x;
1071;98;222;116;DONNERSBACH;x;
1072;36;210;61;SOLK;x;
1073;186;153;20;GROBMING;x;
1074;18;92;28;SCHLADMING;x;
1075;60;183;77;AUSSEE;x;
1076;143;118;16;MITTERSILL;x;
1077;174;145;27;KAPRUN;x;
1078;135;111;16;TAXENBACH;x;
1079;119;97;11;PINZGAU;x;
1080;179;149;31;SAALFELDEN;x;
1081;219;160;46;GASTEIN;x;
1082;147;122;20;BISCHOFSHOFEN;x;
1083;97;79;5;RADSTADT;x;
1084;188;157;31;LUNGAU;x;
1085;133;110;17;TAMSWEG;x;
1086;243;178;51;BERCHTESGADEN;x;
1087;126;103;13;TENNENGAU;x;
1088;102;83;7;FLACHGAU;x;
1089;186;154;28;MONDSEE;x;
1090;176;86;55;VILS;x;
1091;172;70;34;REUTTE;x;
1092;162;63;29;HOLZGAU;x;
1093;200;101;67;LANDECK;x;
1094;150;58;26;NAUDERS;x;
1095;181;89;57;STAMS;x;
1096;179;73;36;OTZTAL;x;
1097;159;67;35;SCHARNITZ;x;
1098;189;70;29;STUBAITAL;x;
1099;195;99;66;SCHWAZ;x;
1100;166;74;42;RATTENBERG;x;
1101;179;87;55;ZILLERTAL;x;
1102;200;79;37;KUFSTEIN;x;
1103;207;115;83;ELLMAU;x;
1104;177;77;42;WINDAUTAL;x;
1105;193;97;63;KITZBUHEL;x;
1106;126;63;203;POSTOJNA;x;
1107;200;161;248;LOGATEC;x;
1108;187;132;255;CERKNICA;x;
1109;198;172;231;LOZ;x;
1110;196;155;246;CUSPERK;x;
1111;139;79;213;KOCEVJE;x;
1112;195;165;232;METLIKA;x;
1113;164;105;237;NOVO MESTO;x;
1114;194;166;227;MIRNA;x;
1115;187;133;255;SKOCJAN;x;
1116;143;82;219;LITIJA;x;
1117;187;131;255;KAMNIK;x;
1118;189;163;222;KRANJ;x;
1119;157;99;229;RADOVLJICA;x;
1120;151;121;188;SKOFJA LOKA;x;
1121;207;173;248;BLED;x;
1122;151;92;224;BELA PEC;x;
1123;241;241;243;WIENER NEUSTADT;x;
1124;218;226;225;NEUNKIRCHEN;x;
1125;155;158;164;PUCHBERG;x;
1126;203;205;206;STARHEMBERG;x;
1127;218;224;225;LEOBERSDORF;x;
1128;253;253;253;MODLING;x;
1129;179;180;183;HAINBURG;x;
1130;236;236;236;GANSERNDORF;x;
1131;254;253;253;ZISTERSDORF;x;
1132;219;229;229;MISTELBACH;x;
1133;196;196;196;FELDSBERG;x;
1134;181;183;184;KORNEUBURG;x;
1135;220;223;225;TULLN;x;
1136;239;241;241;HOLLABRUNN;x;
1137;168;170;174;RETZ;x;
1138;181;183;186;WIENERWALD;x;
1139;243;241;241;LILIENFELD;x;
1140;253;254;253;MELK;x;
1141;242;241;240;YBBS;x;
1142;208;211;213;TRAISMAUER;x;
1143;186;188;191;ARBESBACH;x;
1144;163;166;171;ZWETTL;x;
1145;219;225;225;EGGENBURG;x;
1146;241;241;239;RAABS;x;
1147;219;222;222;LITSCHAU;x;
1148;201;201;199;WEITRA;x;
1149;220;225;224;SCHEIBBS;x;
1150;244;238;238;SONNTAGBERG;x;
1151;186;188;189;AMSTETTEN;x;
1152;223;225;225;PERG;x;
1153;241;243;241;RIEDMARK;x;
1154;138;144;147;FREISTADT;x;
1155;216;222;222;ROHRBACH;x;
1156;241;239;241;ENNS;x;
1157;179;182;184;SATTLEDT;x;
1158;223;224;225;WINDISCHGARSTEN;x;
1159;153;157;159;KIRCHDORF;x;
1160;241;241;241;SCHARNSTEIN;x;
1161;219;221;224;ISCHL;x;
1162;179;171;171;WELS;x;
1163;136;126;126;GMUNDEN;x;
1164;162;152;152;VOCKLABRUCK;x;
1165;143;131;131;GRIESKIRCHEN;x;
1166;195;183;183;SCHARDING;x;
1167;172;168;168;RIED;x;
1168;177;173;173;EGGELSBERG;x;
1169;101;114;212;WAIDHOFEN;x;
1170;98;112;217;ENZERSDORF;x;
1171;249;202;77;LIPNO;x;
1172;213;172;62;BOROVANY;x;
1173;198;176;51;VIMPERK;x;
1174;239;196;94;SOBESLAV;x;
1175;251;221;23;KAMEN;x;
1176;236;189;77;HUMPOLEC;x;
1177;249;223;76;VLASIM;x;
1178;236;207;16;ORLIK;x;
1179;237;208;12;NYRSKO;x;
1180;212;170;57;ROKYCANY;x;
1181;248;213;19;BEROUN;x;
1182;251;225;84;STRASECI;x;
1183;246;251;100;KLADNO;x;
1184;248;204;84;NYRANY;x;
1185;220;196;64;MIMON;x;
1186;249;196;69;ROSICE;x;
1187;241;184;59;PERNSTEJN;x;
1188;246;173;16;BLANSKO;x;
1189;215;153;33;STRAZNICE;x;
1190;249;181;36;SLAVONICE;x;
1191;191;128;6;ZLIN;x;
1192;251;212;120;VESTIN;x;
1193;247;198;77;STARE MESTO;x;
1194;251;185;44;VITKOV;x;
1195;243;189;61;BOGUMIN;x;
1196;45;181;58;SKOCZOW;x;
1197;43;201;57;RUDY;x;
1198;36;116;43;KRAPKOWICE;x;
1199;164;249;172;GLIWICE;x;
1200;71;157;79;KALETY;x;
1201;28;104;35;STARE BUDKOWICE;x;
1202;158;251;167;OTMUCHOW;x;
1203;38;102;44;BIERUTOW;x;
1204;34;225;52;BIELANY;x;
1205;100;222;112;CHOBIENIA;x;
1206;52;213;67;RUDNA;x;
1207;50;207;64;SLAWA;x;
1208;136;232;145;NIETKOWICE;x;
1209;39;104;45;NOWOGRODZIEC;x;
1210;135;239;146;PROCHOWICE;x;
1211;41;123;49;DOBROSZYCE;x;
1212;185;207;83;LADEK;x;
1213;104;46;177;GROSUPLJE;x;
1214;42;217;66;VELENJE;x;
1215;43;217;68;GRATKORN;x;
1216;16;87;26;SPIELFELD;x;
1217;167;156;154;SCHAUNBERG;x;
1218;138;145;147;TRAUNGAU;x;
1219;138;146;147;GERERSDORF;x;
1220;147;156;157;SPANNBERG;x;
1221;138;145;148;SANKT PANKRAZ;x;
1222;38;123;24;LOMBARDORE;x;
1223;135;112;18;WAGING;x;
1224;38;89;147;WERDENFELS;x;
1225;31;80;135;ROTHENFELS;x;
1226;35;219;230;COTE DE LA RIVIERA;x;
1227;114;240;248;COSTA DI ONEGLIA;x;
1228;36;220;231;RIVIERA DI PONENTE;x;
1229;113;239;247;GOLFO DI GENOVA;x;
1230;37;221;232;RIVIERA DI LEVANTE;x;
1231;112;238;246;GOLFO DELLA SPEZIA;x;
1232;38;222;233;COSTA DELLA VERSILIA;x;
1233;111;237;245;GOLFO DI FOLLONICA;x;
1234;39;223;234;COSTA DI ORBETELLO;x;
1235;110;236;244;CAPO LINARO;x;
1236;40;224;235;COSTA DI LAZIO;x;
1237;109;235;243;CAPO CIRCEO;x;
1238;41;225;236;GOLFO DI GAETA;x;
1239;37;197;208;MONTECRISTO RIDGE;x;
1240;32;167;176;SANTA LUCIA BANK;x;
1241;37;198;208;GENOVA CANYONS;x;
1242;32;168;176;SPINOLA SPUR;x;
1243;52;207;217;CAP CORSE;x;
1244;103;229;237;COTE EST;x;
1245;53;208;218;COTE DES NACRES;x;
1246;102;228;236;GOLFE DE VALINCO;x;
1247;187;90;79;CORSICA;x;
1248;54;209;219;GOLFE DE SAGONE;x;
1249;101;227;235;GOLFE DE GALERIA;x;
1250;108;234;242;COSTA DI FERMO;x;
1251;31;215;226;COSTA D'ANCONA;x;
1252;107;233;241;COSTA DI PESARO;x;
1253;30;214;225;COSTA DI RAVENNA;x;
1254;106;232;240;COSTA DI FERRARA;x;
1255;29;213;224;COSTA DI VENEZIA;x;
1256;105;231;239;COSTA DI MARANO;x;
1257;8;250;250;SOUTHERN BALTIC SEA;x;
1258;9;200;200;�RESUND;x;
1259;28;212;223;COSTA D'ISTRIA;x;
1260;104;230;238;KVARNER GULF;x;
1261;32;166;176;MID ADRIATIC BASIN;x;
1262;37;196;208;MID ADRIATIC BASIN;x;
1263;37;195;208;GOLFO DI TRIESTE;x;
1264;37;194;208;LAGUNA DI VENEZIA;x;
1265;89;216;215;STOLPER KUSTE;x;
1266;42;226;237;KOSLINER KUSTE;x;
1267;90;217;216;KOLBERGER KUSTE;x;
1268;19;220;250;HELGOLAND BIGHT;x;
1269;20;250;250;COAST OF HOLLAND;x;
1270;43;227;238;WOLLINER KUSTE;x;
1271;91;218;217;USEDOMER KUSTE;x;
1272;44;228;239;RUGENER KUSTE;x;
1273;92;219;218;ZINGSTER KUSTE;x;
1274;45;229;240;WUSTROWER KUSTE;x;
1275;93;220;219;ROSTOCKER KUSTE;x;
1276;46;230;241;MECKLENBURGER BUCHT;x;
1277;94;221;220;FEMER BAELT;x;
1278;47;231;242;KIELER BUCHT;x;
1279;37;193;208;ODERHAFF;x;
1280;32;165;176;STETTINER HAFF;x;
1281;37;192;208;STRELASUND;x;
1282;32;164;176;BARTHER BODDEN;x;
1283;37;191;208;LUBECKER BUCHT;x;
1284;95;221;229;MELDORFER BUCHT;x;
1285;48;232;243;KNECHSAND;x;
1286;96;222;230;SPIEKEROOGER KUSTE;x;
1287;49;233;244;JUISTER KUSTE;x;
1288;97;223;231;AMELANDER KUST;x;
1289;50;234;245;TERSCHELLINGER KUST;x;
1290;98;224;232;VLIELANDER KUST;x;
1291;51;235;246;TEXELER KUST;x;
1292;99;225;233;HAARLEMER KUST;x;
1293;52;236;247;SCHOUWENER KUST;x;
1294;100;226;234;BEVELANDER KUST;x;
1295;37;184;208;WESTERSCHELDE;x;
1296;47;220;250;GULF OF LION;x;
1297;48;250;250;COTE D'AZUR;x;
1298;49;200;200;LIGURIAN SEA;x;
1299;32;159;176;HOLLANDS DIEP;x;
1300;37;185;208;LEIDSEMEER;x;
1301;57;213;222;ALKMAARDERMEER;x;
1302;32;160;176;MARKERMEER;x;
1303;54;200;250;TYRRENEAN SEA;x;
1304;58;214;224;IJSSELMEER;x;
1305;37;186;208;AMSTELMEER;x;
1306;32;161;176;WADDENEILANDEN;x;
1307;37;187;208;LAUWERSMEER;x;
1308;59;220;250;GULF OF VENICE;x;
1309;60;250;250;ADRIATIC SEA;x;
1310;61;200;200;STRAITS OF OTRANTO;x;
1311;32;162;176;WADDENZEE;x;
1312;37;188;208;DOLLARD;x;
1313;37;189;208;DOVE HARLE;x;
1314;32;163;176;JADEBUSEN;x;
1315;37;190;208;ELBENDELTA;x;
1316;67;250;250;NEUSIEDLER SEE;x;
1317;68;250;250;LAGO FUCINO;x;
1318;69;250;250;LAGO ALBANO;x;
1319;70;250;250;LAGO DI BRACCIANO;x;
1320;71;250;250;LAGO DI VICO;x;
1321;72;250;250;LAGO DI BOLSENA;x;
1322;73;250;250;LAGO TRASIMENO;x;
1323;74;250;250;VALLE DI COMMACHIO;x;
1324;75;250;250;LAGO PAPIRIANE;x;
1325;76;250;250;LAKE BALATON;x;
1326;77;250;250;LAGO DI GARDA;x;
1327;78;250;250;LAGO D'IDRO;x;
1328;79;250;250;LAGO D'ISEO;x;
1329;80;250;250;LAGO DI COMO;x;
1330;81;250;250;LAGO DI MEZZOLA;x;
1331;82;250;250;LAGO DI ANNONE;x;
1332;83;250;250;LAGO DI LUGANO;x;
1333;84;250;250;LAGO MAGGIORE;x;
1334;85;250;250;LAGO D'ORTA;x;
1335;86;250;250;LAGO DI VIVERONE;x;
1336;87;250;250;LAGO DI MOLVENO;x;
1337;88;250;250;KALTERER SEE;x;
1338;89;250;250;LAC DU BOURGET;x;
1339;90;250;250;LAC D'ANNECY;x;
1340;91;250;250;LAC DE JOUX;x;
1341;92;250;250;LAC DE NEUCHATEL;x;
1342;93;250;250;MURTENSEE;x;
1343;94;250;250;BIELERSEE;x;
1344;95;250;250;THUNERSEE;x;
1345;96;250;250;VIERWALDSTATTERSEE;x;
1346;97;250;250;ZUGERSEE;x;
1347;98;250;250;SEMPACHERSEE;x;
1348;99;250;250;ZURICHSEE;x;
1349;100;250;250;GREIFENSEE;x;
1350;101;250;250;WALENSEE;x;
1351;102;250;250;SCHLUCHSEE;x;
1352;103;250;250;FORGGENSEE;x;
1353;104;250;250;STAFFELSEE;x;
1354;105;250;250;WALCHENSEE;x;
1355;106;250;250;AMMERSEE;x;
1356;107;250;250;STARNBERGER SEE;x;
1357;108;250;250;TEGERNSEE;x;
1358;109;250;250;CHIEMSEE;x;
1359;110;250;250;DUMMER;x;
1360;111;250;250;WALLERSEE;x;
1361;112;250;250;ATTERSEE;x;
1362;113;250;250;TRAUNSEE;x;
1363;114;250;250;GRUNDLSEE;x;
1364;115;250;250;ZELLER SEE;x;
1365;116;250;250;MILLSTATTER SEE;x;
1366;117;250;250;LAACHER SEE;x;
1367;118;250;250;STEINHUDER MEER;x;
1368;119;250;250;ZWISCHENAHNER MEER;x;
1369;120;250;250;BEDERKESAER SEE;x;
1370;121;250;250;EWIGES MEER;x;
1371;122;250;250;LEEKSTERMEER;x;
1372;123;250;250;BURGUMER MEER;x;
1373;124;250;250;BELTERWIJDE;x;
1374;125;250;250;TJEUKEMEER;x;
1375;126;250;250;HEEGERNEER;x;
1376;127;250;250;ZOETERMEERSE;x;
1377;128;250;250;LOOSDRECHTSE;x;
1378;129;250;250;WESTENSEE;x;
1379;130;250;250;PLONER SEE;x;
1380;131;250;250;RATZEBURGER SEE;x;
1381;132;250;250;LAASAHNER SEE;x;
1382;133;250;250;SCHWERINER SEE;x;
1383;134;250;250;PLAUER SEE;x;
1384;135;250;250;KUMMEROWER SEE;x;
1385;136;250;250;MURITZ;x;
1386;137;250;250;TOLLENSESEE;x;
1387;138;250;250;RUPPINER SEE;x;
1388;139;250;250;RUCKERSEE;x;
1389;140;250;250;GRIMNITZSEE;x;
1390;141;250;250;HAVEL;x;
1391;142;250;250;BREITLINGSEE;x;
1392;143;250;250;MUGGELSEE;x;
1393;144;250;250;STORKOWER SEE;x;
1394;145;250;250;TEUPITZER SEE;x;
1395;146;250;250;SCHWIELOCHSEE;x;
1396;147;250;250;MADUSEE;x;
1397;148;250;250;WOTSCHWIEN SEE;x;
1398;149;250;250;DRATZIGSEE;x;
1399;150;250;250;VILMSEE;x;
1400;151;250;250;LUNERSEE;x;
1401;155;97;91;ZEEUWS-VLAANDEREN;x;
1402;155;96;91;SLUIS;x;
1403;155;95;91;BEVELAND;x;
1404;155;94;91;THOLEN;x;
1405;155;93;91;SCHOUWEN;x;
1406;155;92;91;OVERFLAKKEE;x;
1407;155;91;91;DORDRECHT;x;
1408;155;90;91;VOORNE;x;
1409;155;89;91;WOUDRICHEM;x;
1410;116;50;46;BUREN;x;
1411;155;77;73;CULEMBORG;x;
1412;112;48;45;VIANEN;x;
1413;135;61;57;ARKEL;x;
1414;183;113;115;SLIEDRECHT;x;
1415;172;102;105;GOUDA;x;
1416;198;129;131;ROTTERDAM;x;
1417;148;74;75;DELFT;x;
1418;160;81;83;ZOETERMEER;x;
1419;172;103;105;LEIDEN;x;
1420;167;90;92;HAARLEM;x;
1421;179;110;111;ALKMAAR;x;
1422;186;117;119;WATERLAND;x;
1423;159;79;81;WESTFRIESLAND;x;
1424;172;101;105;TEXEL;x;
1425;166;95;98;VLIELAND;x;
1426;183;112;115;WIERINGEN;x;
1427;248;214;97;AMERSFOORT;x;
1428;251;212;75;JUTPHAAS;x;
1429;244;200;49;VECHTSTREEK;x;
1430;198;128;131;TERSCHELLING;x;
1431;208;133;60;AMELAND;x;
1432;208;132;60;SCHIERMONNIKOOG;x;
1433;208;131;60;BORKUM;x;
1434;208;130;60;NORDERNEY;x;
1435;208;129;60;LANGEOOG;x;
1436;208;128;60;SPIEKEROOG;x;
1437;208;127;60;WANGEROOG;x;
1438;208;126;60;JUIST;x;
1439;208;125;60;BOSCH;x;
1440;234;140;54;SCHOKLAND;x;
1441;234;139;54;SCHOTERLAND;x;
1442;160;95;24;STELLINGWERVEN;x;
1443;203;133;47;BORNEGO;x;
1444;172;114;28;DONIAWERSTAL;x;
1445;203;123;47;WAGHENBRUGGE;x;
1446;172;107;28;WONSERADEEL;x;
1447;234;147;54;FRONECKERE;x;
1448;203;128;47;HET BILDT;x;
1449;234;139;55;SMALLINGERLAND;x;
1450;234;151;54;ACHTKARSPELEN;x;
1451;220;130;42;DANTUMADEEL;x;
1452;234;146;54;VREDEWOLD;x;
1453;203;132;47;LANGEWOLD;x;
1454;172;106;28;HUMSTERLAND;x;
1455;234;145;54;HUNSIGO;x;
1456;203;131;47;FIVELINGO;x;
1457;172;105;28;OLDAMBT;x;
1458;231;197;80;WESTERWOLD;x;
1459;207;63;63;RHEIDERLAND;x;
1460;164;49;49;OBERLEDINGERLAND;x;
1461;207;64;63;SATERLAND;x;
1462;142;33;33;MOORMERLAND;x;
1463;207;65;63;LENGENERLAND;x;
1464;164;51;49;AURICHERLAND;x;
1465;123;24;24;BROKMERLAND;x;
1466;164;50;49;FEDERGOERLAND;x;
1467;207;67;63;NORDERLAND;x;
1468;142;32;33;DORNUM;x;
1469;207;68;63;ESENS;x;
1470;142;31;33;STEDESDORF;x;
1471;207;69;63;WITTMUND;x;
1472;123;23;24;WANGERLAND;x;
1473;142;30;33;OSTRINGERLAND;x;
1474;207;70;63;BANT;x;
1475;207;71;63;BUTJADINGEN;x;
1476;142;29;33;STADLAND;x;
1477;142;28;33;WURSTEN;x;
1478;234;208;83;OLDENZAAL;x;
1479;246;217;120;ENSCHEDE;x;
1480;248;230;171;HENGELO;x;
1481;229;202;55;ALMELO;x;
1482;246;218;120;RIJSSEN;x;
1483;229;199;55;DEVENTER;x;
1484;248;231;171;OMMEN;x;
1485;234;207;83;HARDENBERG;x;
1486;244;216;119;KAMPEN;x;
1487;234;202;92;KUINRE;x;
1488;251;236;185;MEPPEL;x;
1489;244;215;119;RUINEN;x;
1490;210;189;71;ZUIDWOLDE;x;
1491;229;192;55;MIDDEN-DRENTHE;x;
1492;251;234;185;COEVORDEN;x;
1493;212;191;76;EMMEN;x;
1494;232;208;94;BORGER;x;
1495;215;194;80;GIETEN;x;
1496;232;201;94;ASSEN;x;
1497;207;91;132;ZALTBOMMEL;x;
1498;189;76;116;TIEL;x;
1499;191;100;135;BATENBURG;x;
1500;200;86;126;NIJMEGEN;x;
1501;191;103;135;BERGH;x;
1502;152;63;94;WISCH;x;
1503;172;83;114;BREDEVOORT;x;
1504;191;104;135;BORCULO;x;
1505;147;62;92;ZEVENAAR;x;
1506;196;109;140;BAER;x;
1507;181;80;116;DOETINCHEM;x;
1508;191;105;136;BRONKHORST;x;
1509;193;76;117;ZUTPHEN;x;
1510;154;72;101;WAGENINGEN;x;
1511;191;77;117;BARNEVELD;x;
1512;198;106;138;APELDOORN;x;
1513;172;81;114;NIJKERK;x;
1514;148;69;97;HARDERWIJK;x;
1515;195;84;123;ELBURG;x;
1516;166;81;111;HATTEM;x;
1517;181;77;114;VENRAY;x;
1518;159;64;98;KESSEL;x;
1519;203;80;123;VENLO;x;
1520;152;51;87;TEGELEN;x;
1521;181;76;113;MAASBRACHT;x;
1522;196;68;113;WEGBERG;x;
1523;172;56;97;GELDEREN;x;
1524;141;219;178;KESSENICH;x;
1525;198;75;33;THORN;x;
1526;90;176;130;HOORN;x;
1527;68;138;101;WEERT;x;
1528;141;220;178;MEIJEL;x;
1529;79;152;113;CUIJK;x;
1530;136;213;172;BOXMEER;x;
1531;102;175;136;GEMERT;x;
1532;136;214;172;RAVENSTEIN;x;
1533;90;162;124;MEGEN;x;
1534;189;175;119;GENNEP;x;
1535;80;167;121;GEERTRUIDENBERG;x;
1536;136;215;172;HEUSDEN;x;
1537;102;174;136;BOKHOVEN;x;
1538;118;194;156;OSS;x;
1539;79;150;112;EINDHOVEN;x;
1540;141;212;173;HELMOND;x;
1541;121;201;161;BERGEIJK;x;
1542;79;182;127;OIRSCHOT;x;
1543;137;210;169;OISTERWIJK;x;
1544;118;193;154;TILBURG;x;
1545;120;198;156;ROOSENDAAL;x;
1546;136;216;172;BERGEN;x;
1547;124;193;157;ZANDVLIET;x;
1548;81;157;117;LOMMEL;x;
1549;123;207;162;NIJVEL;x;
1550;92;181;134;GEMBLOUX;x;
1551;121;198;157;WAVRE;x;
1552;131;203;163;VILVOORDE;x;
1553;166;189;76;HOEGAARDEN;x;
1554;93;186;137;LEUVEN;x;
1555;89;164;126;TIENEN;x;
1556;139;207;169;DIEST;x;
1557;100;166;131;AARSCHOT;x;
1558;114;186;148;LIER;x;
1559;134;203;165;SCHOTEN;x;
1560;90;186;135;BRASSCHAAT;x;
1561;112;177;142;DIEPENBEEK;x;
1562;88;164;126;TURNHOUT;x;
1563;121;189;153;MOL;x;
1564;88;181;132;GHEEL;x;
1565;138;200;166;HERENTALS;x;
1566;73;148;110;MAASTRICHT;x;
1567;135;30;62;MECHELEN;x;
1568;140;34;66;HEIST;x;
1569;117;31;133;ANDENNE;x;
1570;97;22;111;BOUVIGNES;x;
1571;109;27;124;CHARLEROI;x;
1572;154;31;68;AALST;x;
1573;172;35;77;MERELBEKE;x;
1574;189;46;90;ZOTTEGEM;x;
1575;150;31;67;RONSE;x;
1576;126;75;188;CHIMAY;x;
1577;113;62;176;BINCHE;x;
1578;158;99;219;SOIGNIES;x;
1579;112;62;174;ENGHIEN;x;
1580;126;74;188;ATH;x;
1581;169;111;229;SAINT-GHISLAIN;x;
1582;110;60;171;LEUZE;x;
1583;156;99;215;FOURMIES;x;
1584;176;119;234;AVESNES;x;
1585;155;97;215;MAUBEUGE;x;
1586;112;64;171;MORMAL;x;
1587;137;87;198;VALENCIENNES;x;
1588;208;86;186;CAUDRY;x;
1589;74;104;48;NEUFMANIL;x;
1590;123;142;45;GIVET;x;
1591;157;119;219;BARBENCON;x;
1592;160;186;58;THUIN;x;
1593;136;162;30;FLORENNES;x;
1594;182;207;84;COUVIN;x;
1595;148;171;58;DINANT;x;
1596;76;148;59;ROCHEFORT;x;
1597;128;152;30;CINEY;x;
1598;148;172;58;HUY;x;
1599;148;178;58;SPA;x;
1600;142;39;71;MALMEDY;x;
1601;124;31;60;STAVELOT;x;
1602;142;40;71;LOGNE;x;
1603;164;185;77;AMAY;x;
1604;191;215;93;TONGEREN;x;
1605;164;53;87;OUGREE;x;
1606;151;241;123;AWANS;x;
1607;149;169;68;GENK;x;
1608;152;133;31;REKEM;x;
1609;181;203;93;HASSELT;x;
1610;148;172;53;MAASEIK;x;
1611;164;186;77;PEER;x;
1612;141;166;43;TESSENDERLO;x;
1613;102;164;154;SPRIMONT;x;
1614;97;159;150;LIMBURG;x;
1615;91;196;180;EUPEN;x;
1616;97;123;159;DALHEM;x;
1617;114;143;181;VOEREN;x;
1618;72;23;172;EPEN;x;
1619;36;140;162;GRONSVELD;x;
1620;50;168;193;VALKENBURG;x;
1621;47;183;212;WITTEM;x;
1622;66;220;222;KERKRADE;x;
1623;220;193;44;SITTARD;x;
1624;73;21;179;BURTSCHEID;x;
1625;205;243;26;HERZOGENRATH;x;
1626;193;169;36;HEINSBERG;x;
1627;225;164;33;ELTEN;x;
1628;157;76;109;ANHOLT;x;
1629;102;132;76;ESCH;x;
1630;90;114;67;MERSCH;x;
1631;70;93;48;REDINGEN;x;
1632;90;116;66;WILTZ;x;
1633;70;94;48;KLERF;x;
1634;107;166;55;VIANDEN;x;
1635;102;133;76;DIEKIRCH;x;
1636;70;95;48;ECHTERNACH;x;
1637;102;131;76;GREVENMACHER;x;
1638;74;100;52;REMICH;x;
1639;66;94;42;YVOIS;x;
1640;179;45;45;BOUILLON;x;
1641;227;74;74;SAINT-HUBERT;x;
1642;102;135;73;ORCHIMONT;x;
1643;86;116;59;WELLIN;x;
1644;129;177;87;BERTRIX;x;
1645;125;162;91;NEUFCHATEAU;x;
1646;96;126;69;CHINY;x;
1647;77;107;50;VIRTON;x;
1648;114;150;82;ARLON;x;
1649;102;160;51;VIELSALM;x;
1650;98;130;70;BASTOGNE;x;
1651;126;174;83;HOUFFALIZE;x;
1652;109;143;80;LA ROCHE;x;
1653;124;171;83;MARCHE;x;
1654;76;100;54;DURBUY;x;
1655;90;119;65;AYWAILLE;x;
1656;111;145;80;SANKT VITH;x;
1657;72;97;49;AMEL;x;
1658;36;193;43;REINARTZHOF;x;
1659;212;204;81;REIFFERSCHEID;x;
1660;122;170;78;SCHLEIDEN;x;
1661;60;164;36;MANDERFELD;x;
1662;76;181;52;KYLLBURG;x;
1663;119;201;100;FLERINGEN;x;
1664;88;191;64;PRUM;x;
1665;64;87;43;PRONSFELD;x;
1666;121;171;77;NEUERBURG;x;
1667;141;193;95;GEICHLINGEN;x;
1668;99;126;75;BITBURG;x;
1669;112;159;70;SPEICHER;x;
1670;122;170;77;IGEL;x;
1671;88;130;50;AUDUN;x;
1672;100;147;58;DIEDENHOFEN;x;
1673;126;179;79;MARVILLE;x;
1674;100;148;58;DAMVILLERS;x;
1675;188;170;133;STENAY;x;
1676;171;150;105;CLERMONT;x;
1677;236;219;182;AZANNES;x;
1678;248;232;198;FRESNES;x;
1679;177;156;112;ETAIN;x;
1680;207;183;132;LONGUYON;x;
1681;191;171;127;BRIEY;x;
1682;152;248;110;APREMONT;x;
1683;120;217;77;THIAUCOURT;x;
1684;134;232;91;MANDRES;x;
1685;219;189;125;PONT-A-MOUSSON;x;
1686;167;174;213;PAGNY;x;
1687;25;25;58;GORZE;x;
1688;40;40;78;ARS;x;
1689;31;31;66;WIGINGEN;x;
1690;34;34;78;TANCHEN;x;
1691;40;40;80;VIC;x;
1692;23;23;61;LORQUIN;x;
1693;32;32;77;SAARBURG;x;
1694;35;35;77;BACCARAT;x;
1695;49;49;94;RAMBERVILLERS;x;
1696;54;54;97;EPINAL;x;
1697;174;39;55;BLAMONT;x;
1698;103;105;135;BADONVILLER;x;
1699;77;78;100;SALM;x;
1700;100;92;77;DAGSBURG;x;
1701;190;196;232;LIXHEIM;x;
1702;45;48;179;FINSTINGEN;x;
1703;189;168;123;WUSTWEILER;x;
1704;226;177;232;PUTTLINGEN;x;
1705;168;125;171;FORBACH;x;
1706;209;158;215;KRIECHINGEN;x;
1707;157;166;213;SAARALBEN;x;
1708;197;203;237;FALKENBERG;x;
1709;181;187;225;BOLCHEN;x;
1710;155;164;210;BUSENDORF;x;
1711;195;199;227;SIERCK;x;
1712;180;186;224;DIEUZE;x;
1713;162;169;207;SAULNOIS;x;
1714;188;194;231;DELME;x;
1715;34;91;219;TOUL;x;
1716;111;139;203;LIVERDUN;x;
1717;98;124;184;VICHEREY;x;
1718;88;115;177;LIGNEVILLE;x;
1719;157;135;239;COLOMBEY;x;
1720;110;43;193;VAUDEMONT;x;
1721;129;62;213;CHARMES;x;
1722;153;160;198;LUNEVILLE;x;
1723;163;171;219;EINVILLE;x;
1724;177;183;220;AMANCE;x;
1725;155;163;203;GONDREVILLE;x;
1726;177;180;220;SAINTOIS;x;
1727;192;198;234;BLAINVILLE;x;
1728;188;191;229;SAINT-DIE;x;
1729;197;201;237;RAON;x;
1730;160;167;212;GERARDMER;x;
1731;182;186;224;BRUYERES;x;
1732;189;192;229;LE THILLOT;x;
1733;202;206;241;REMIREMONT;x;
1734;167;175;222;VAL-DAJOL;x;
1735;137;145;184;DARNEY;x;
1736;183;188;225;DOMPAIRE;x;
1737;195;202;243;MIRECOURT;x;
1738;169;174;213;SOULOSSE;x;
1739;181;78;93;SAARWERDEN;x;
1740;155;95;159;ROHRBACH;x;
1741;138;81;142;BITSCH;x;
1742;66;68;126;LIMBURG;x;
1743;194;70;173;CAMBRAY;x;
1744;66;72;32;ANTWERPEN;x;
1745;154;180;237;TUNSDORF;x;
1746;145;173;237;WALLERFANGEN;x;
1747;133;161;224;THOLEY;x;
1748;241;226;193;SCARPONNE;x;
1749;244;135;81;BEFFERT;x;
1750;217;104;49;DATTENRIED;x;
1751;234;111;54;DAMMERKIRCH;x;
1752;208;97;42;THANN;x;
1753;234;112;54;HUNINGEN;x;
1754;236;128;75;LANDSER;x;
1755;234;113;54;ENSISHEIM;x;
1756;93;106;102;FESSENHEIM;x;
1757;196;98;79;OBERPFALZ;x;
1758;68;100;126;HANNOVER;x;
1759;197;102;173;POTSDAM;x;
1760;69;104;32;KOBLENZ;x;
1761;197;106;79;ALZEY;x;
1762;69;108;126;KASSEL;x;
1763;197;110;173;NIEDERLAUSITZ;x;
1764;61;111;46;MURBACH;x;
1765;87;147;69;LAUTENBACH;x;
1766;225;219;84;RUFACH;x;
1767;118;159;117;HORBURG;x;
1768;70;120;32;LIENZ;x;
1769;198;122;79;G�RZ;x;
1770;70;124;126;OSTMARCH;x;
1771;198;126;173;ERZ;x;
1772;30;193;141;RAPPOLTSTEIN;x;
1773;40;208;155;URBEIS;x;
1774;71;132;126;TREVISO;x;
1775;199;134;173;HOLSTEIN;x;
1776;154;226;244;ELSASSISCH MUNSTER;x;
1777;78;189;78;TURKHEIM;x;
1778;127;199;229;KAISERSBERG;x;
1779;191;64;64;KOLMAR;x;
1780;237;117;58;INGERSHEIM;x;
1781;201;204;227;MARKIRCH;x;
1782;44;71;189;SCHLETTSTADT;x;
1783;225;220;84;RHEINAU;x;
1784;225;218;84;ERSTEIN;x;
1785;181;176;52;SUNDHAUSEN;x;
1786;160;156;39;MEISTRATZHEIM;x;
1787;244;123;63;WEILER;x;
1788;80;44;124;ANDLAU;x;
1789;126;48;76;OBEREHNHEIM;x;
1790;59;105;147;ROSHEIM;x;
1791;225;217;84;SCHIRMECK;x;
1792;216;85;232;WESTHOFEN;x;
1793;97;61;142;MAURSMUNSTER;x;
1794;225;216;84;ZABERN;x;
1795;225;215;84;WANZENAU;x;
1796;213;76;229;BRUMATH;x;
1797;208;69;224;LICHTENBERG;x;
1798;192;63;207;HATTEN;x;
1799;181;49;68;REICHSDORFER;x;
1800;87;234;63;HAGENAU;x;
1801;80;70;53;OBERBRONN;x;
1802;227;225;212;HOCHFELDEN;x;
1803;222;221;212;FLECKENSTEIN;x;
1804;128;122;26;HOHENBURG;x;
1805;65;145;137;KLEEBURG;x;
1806;175;157;225;ELSASSISCH WEISSENBURG;x;
1807;112;58;55;LAUTERBURG;x;
1808;74;154;145;SELZ;x;
1809;113;145;92;BEINHEIM;x;
1810;74;120;159;LUTZELSTEIN;x;
1811;65;65;78;SENONES;x;
1812;41;41;106;NOMENY;x;
1813;220;193;136;ROMBAS;x;
1814;184;164;137;VAREL;x;
1815;171;149;121;AMMERLAND;x;
1816;147;126;99;RASTEDE;x;
1817;177;157;132;STEDINGEN;x;
1818;162;141;113;WUSTING;x;
1819;142;122;95;DELMENHORST;x;
1820;92;99;189;WILDESHAUSEN;x;
1821;193;68;156;WURDEN;x;
1822;177;29;81;HOLLERLAND;x;
1823;158;98;205;RITZEBUTTEL;x;
1824;177;124;217;HADELN;x;
1825;67;73;155;BEDERKESA;x;
1826;99;105;195;NEUENWALDE;x;
1827;108;115;212;OTTERSBERG;x;
1828;123;130;222;OSTERHOLZ;x;
1829;96;103;189;VOLLERSODE;x;
1830;76;84;188;LOXSTEDT;x;
1831;124;131;227;BEVERSTEDT;x;
1832;73;81;183;BREMERVORDE;x;
1833;137;144;234;GYHUM;x;
1834;80;88;191;SITTENSEN;x;
1835;59;65;143;HEESLINGEN;x;
1836;114;121;210;HEMMOOR;x;
1837;76;84;191;DROCHTERSEN;x;
1838;126;133;224;HARSEFELD;x;
1839;105;112;200;BUXTEHUDE;x;
1840;186;176;17;ROTENBURG;x;
1841;207;197;40;SOLTAU;x;
1842;215;205;48;FINTEL;x;
1843;78;145;81;ARTLENBURG;x;
1844;105;177;108;SCHWARZENBEK;x;
1845;84;155;88;MOLLN;x;
1846;108;177;112;RATZEBURG;x;
1847;190;201;219;SELMSDORF;x;
1848;108;123;147;RATEKAU;x;
1849;108;120;147;EUTIN;x;
1850;102;172;105;NEUHAUS;x;
1851;232;126;126;OTHMARSCHEN;x;
1852;244;140;140;PINNEBERG;x;
1853;225;114;114;RANTZAU;x;
1854;243;221;221;UETERSEN;x;
1855;210;133;133;MARNE;x;
1856;171;100;99;ALBERSDORF;x;
1857;83;44;126;LAUENBURG;x;
1858;211;46;173;STETTIN;x;
1859;207;127;127;HEIDE;x;
1860;33;87;95;SCHWERIN;x;
1861;188;114;114;TELLINGSTEDT;x;
1862;211;54;173;CREMONA;x;
1863;84;56;32;GRAZ;x;
1864;248;187;188;FEHMARN;x;
1865;227;156;156;HEILIGENHAFEN;x;
1866;212;62;173;NAMUR ;x;
1867;84;64;32;FREIBURG;x;
1868;212;66;79;AUGSBURG;x;
1869;84;68;126;Z�RICH;x;
1870;213;70;173;ST GALLEN;x;
1871;85;72;32;WALLIS;x;
1872;86;84;126;ULM;x;
1873;85;76;126;CHUR;x;
1874;213;78;173;BREMEN;x;
1875;142;110;192;TURIN;x;
1876;213;82;79;FRANKFURT;x;
1877;33;86;95;BUTZOW;x;
1878;214;86;173;AACHEN;x;
1879;246;214;214;GROMITZ;x;
1880;214;90;79;SUNDGAU;x;
1881;253;238;238;KASSEEDORF;x;
1882;246;230;230;LUTIENBURG;x;
1883;253;243;249;PROBSTEI;x;
1884;236;205;205;PREETZ;x;
1885;241;225;225;WANKENDORF;x;
1886;234;208;208;SEEDORF;x;
1887;231;157;157;PLON;x;
1888;231;159;159;REINFELD;x;
1889;6;0;236;LAKE GENEVA;x;
1890;7;0;240;BODENSEE;x;
1891;251;216;216;TRITTAU;x;
1892;241;203;203;GLINDE;x;
1893;253;237;237;OLDESLOE;x;
1894;241;178;178;SEGEBERG;x;
1895;248;188;188;STEINHORST;x;
1896;239;173;173;ITZEHOE;x;
1897;217;146;149;NEUMUNSTER;x;
1898;231;155;159;BORDESHOLM;x;
1899;253;235;238;WESTENSEE;x;
1900;243;176;176;RENDSBURG;x;
1901;248;187;187;AUKRUG;x;
1902;79;71;225;TORNOW;x;
1903;253;240;240;KELLINGHUSEN;x;
1904;249;200;200;WILSTER;x;
1905;236;171;171;KREMPE;x;
1906;56;49;196;BOLTENHAGEN;x;
1907;29;24;130;GREVESMUHLEN;x;
1908;81;74;227;GADEBUSCH;x;
1909;46;40;177;MECKLENBURG;x;
1910;32;26;147;BRUEL;x;
1911;21;15;130;GOLDBERG;x;
1912;100;93;237;PLAU;x;
1913;84;76;229;ELDENBURG;x;
1914;43;36;172;PARCHIM;x;
1915;56;50;196;KRIVITZ;x;
1916;123;117;244;GRABOW;x;
1917;88;81;227;KLENOW;x;
1918;30;25;136;BANZKOW;x;
1919;45;39;169;HAGENOW;x;
1920;121;115;246;LUBTHEEN;x;
1921;65;58;203;DOMITZ;x;
1922;62;55;203;BOIZENBURG;x;
1923;29;23;136;NEUBUKOW;x;
1924;18;13;121;KROPELIN;x;
1925;69;62;203;MURITZ;x;
1926;43;37;179;TESSIN;x;
1927;62;218;252;EASTERN BALTIC SEA;x;
1928;29;24;135;GNOIEN;x;
1929;60;53;203;TETEROW;x;
1930;116;110;248;LAWE;x;
1931;130;60;50;EAST FRISIA;x;
1932;27;21;130;WERLE;x;
1933;56;51;196;SCHWAAN;x;
1934;73;66;222;GUSTROW;x;
1935;34;28;162;KRAKOW;x;
1936;22;16;131;MALCHOW;x;
1937;108;101;241;DARGUN;x;
1938;27;21;138;MALCHIN;x;
1939;38;32;172;WAREN;x;
1940;57;50;200;ROBEL;x;
1941;85;79;220;PENZLIN;x;
1942;61;54;200;AHRENSBERG;x;
1943;30;25;130;STRELITZ;x;
1944;63;55;208;STARGARD;x;
1945;83;77;215;FELDBERG;x;
1946;36;29;166;WOLDEGK;x;
1947;106;99;241;SALOW;x;
1948;69;63;198;MARLOW;x;
1949;88;80;241;RIBNITZ;x;
1950;38;119;42;JASMUND;x;
1951;53;172;59;PUTBUS;x;
1952;34;135;39;UMMANZ;x;
1953;38;145;43;ZINGST;x;
1954;36;112;40;DARSS;x;
1955;30;125;34;BARTH;x;
1956;26;109;30;DAMGARTEN;x;
1957;38;147;43;NEUENKAMP;x;
1958;30;126;34;MILTZOW;x;
1959;46;164;51;TRIBSEES;x;
1960;23;99;26;GRIMMEN;x;
1961;30;127;34;LOITZ;x;
1962;26;112;30;GREIFSWALD;x;
1963;38;146;43;ZUSSOW;x;
1964;58;179;64;ZITZ;x;
1965;49;164;54;USEDOM;x;
1966;71;188;76;DEMMIN;x;
1967;50;170;56;JARMEN;x;
1968;37;140;42;KLATZOW;x;
1969;25;119;30;MEDOW;x;
1970;63;184;69;ANKLAM;x;
1971;50;169;56;UCKERMUNDE;x;
1972;31;128;36;TORGELOW;x;
1973;39;148;45;PASEWALK;x;
1974;43;160;49;PENKUN;x;
1975;56;176;62;GARTZ;x;
1976;26;130;31;SCHWEDT;x;
1977;34;150;39;POLITZ;x;
1978;68;186;73;WOLLIN;x;
1979;42;157;48;GREIFENHAGEN;x;
1980;35;145;40;BAHN;x;
1981;18;112;22;LEINE;x;
1982;42;156;47;PYRITZ;x;
1983;29;131;34;DOLITZ;x;
1984;33;140;39;KOLBATZ;x;
1985;12;100;16;LUBZIN;x;
1986;58;183;64;ALTDAMM;x;
1987;76;203;82;GOLLNOW;x;
1988;28;126;33;GLEWITZ;x;
1989;85;213;91;MASSOW;x;
1990;12;97;16;NAUGARD;x;
1991;89;215;94;ZACHAN;x;
1992;29;126;34;DABER;x;
1993;86;210;92;WANGERIN;x;
1994;31;130;36;LABES;x;
1995;51;164;56;REGENWALDE;x;
1996;68;185;75;GREIFENBERG;x;
1997;96;219;102;TREPTOW;x;
1998;33;130;37;POBEROW;x;
1999;12;90;16;KAMMIN;x;
2000;23;114;27;KOPLITZ;x;
2001;51;163;56;GULZOW;x;
2002;225;221;125;KORLIN;x;
2003;241;238;150;SORENBOHM;x;
2004;227;224;130;KOSLIN;x;
2005;251;249;182;STRECKENTHIN;x;
2006;229;225;116;BUBLITZ;x;
2007;39;149;45;LOTTIN;x;
2008;70;188;76;NEUSTETTIN;x;
2009;39;150;44;JUCHOW;x;
2010;27;131;32;BARWALDE;x;
2011;55;174;61;POLZIN;x;
2012;78;207;84;BELGARD;x;
2013;42;154;47;REDEL;x;
2014;40;148;45;POLLNOW;x;
2015;40;189;47;BUCKOW;x;
2016;42;200;50;RUGENWALDE;x;
2017;49;163;54;SCHLAWE;x;
2018;88;217;94;HAMMERMUHLE;x;
2019;75;198;80;RUMMELSBURG;X ;
2020;48;162;53;TREBLIN;X ;
2021;84;210;90;RATHSDAMNITZ;x;
2022;41;143;46;DAMERKOW;x;
2023;52;164;57;POTTANGOW;x;
2024;42;140;46;HEBRONDAMNITZ;x;
2025;62;179;67;STOLPMUNDE;x;
2026;31;127;36;GLOWITZ;x;
2027;82;59;36;ZIEBINGEN;x;
2028;160;129;99;STERNBERG;x;
2029;78;88;147;GORITZ;x;
2030;112;80;49;DROSSEN;x;
2031;92;67;42;ZIELENZIG;x;
2032;131;102;73;SONNENBURG;x;
2033;166;137;108;KONIGSWALDE;x;
2034;114;86;59;ODERAUE;x;
2035;172;142;112;KUSTRIN;x;
2036;109;77;46;BERNWALDE;x;
2037;99;73;48;ZEHDEN;x;
2038;148;115;85;KONIGSBERG;x;
2039;114;81;48;SCHILDBERG;x;
2040;123;92;61;SOLDIN;x;
2041;106;77;49;LIPPEHN;x;
2042;128;95;62;BERNSTEIN;x;
2043;104;77;50;VIETZ;x;
2044;118;85;52;ZANTOCH;x;
2045;148;116;85;FRIEDEBERG;x;
2046;128;96;65;DRIESSEN;x;
2047;179;147;117;WOLDENBERG;x;
2048;106;78;50;ARNSWALDE;x;
2049;181;151;121;NORENBURG;x;
2050;123;92;63;LANGENFUHR;x;
2051;88;63;38;NEUWEDELL;x;
2052;112;83;54;KALLIES;x;
2053;128;95;63;FRIEDLANDEK;x;
2054;176;144;113;VIRCHOW;x;
2055;92;66;41;FALKENBURG;x;
2056;176;146;117;SCHIVELBEIN;x;
2057;119;89;61;MULLROSE;x;
2058;63;73;133;LEBUS;x;
2059;179;146;117;LIETZEN;x;
2060;148;114;85;GOLZOW;x;
2061;57;67;123;FURSTENWALDE;x;
2062;119;88;61;MUNCHEBERG;x;
2063;94;70;46;WRIEZEN;x;
2064;179;145;117;RUDERSDORF;x;
2065;148;113;85;STRAUSBERG;x;
2066;94;69;46;EBERSWALDE;x;
2067;148;112;85;ALTLANDSBERG;x;
2068;179;144;117;BERNAU;x;
2069;119;86;61;TEGEL;x;
2070;148;110;85;BOTZOW;x;
2071;119;85;61;SCHORFHEIDE;x;
2072;179;142;117;ZEHDENICK;x;
2073;148;107;85;GRIMNITZ;x;
2074;179;140;117;ANGERMUNDE;x;
2075;119;82;61;GREIFFENBERG;x;
2076;94;68;46;GERSWALDE;x;
2077;119;84;61;TEMPLIN;x;
2078;148;109;85;BOITZENBURG;x;
2079;119;83;61;SCHAPOW;x;
2080;148;108;85;STRASBURG;x;
2081;119;87;61;KOPENICK;x;
2082;179;143;117;TREBBIN;x;
2083;57;67;126;TELTOW;x;
2084;148;111;85;TEMPELHOF;x;
2085;189;99;67;ZINNA;x;
2086;200;111;80;LUCKENWALDE;x;
2087;159;71;40;DAHME;x;
2088;174;141;116;WIEPERSDORF;x;
2089;171;81;49;JUTERBOG;x;
2090;142;106;79;BEELITZ;x;
2091;128;89;68;ZAUCHE;x;
2092;106;75;55;LEHNIN;x;
2093;53;62;119;ZIESAR;x;
2094;106;77;55;SPANDAU;x;
2095;148;103;85;KREMMEN;x;
2096;128;88;68;NAUEN;x;
2097;44;52;100;BELLIN;x;
2098;49;58;114;KETZIN;x;
2099;106;76;55;FRIESACK;x;
2100;128;87;68;PREMNITZ;x;
2101;148;102;85;RATHENOW;x;
2102;47;55;107;GLIEN;x;
2103;124;40;58;GRANSEE;x;
2104;136;48;66;LINDOW;x;
2105;157;63;83;RHEINSBERG;x;
2106;140;51;70;KORITZ;x;
2107;119;40;56;WUSTERHAUSEN;x;
2108;71;64;207;ROSSOW;x;
2109;136;46;65;GLIENICKE;x;
2110;116;38;54;GOLDBECK;x;
2111;42;49;95;ZECHLIN;x;
2112;34;41;82;WITTSTOCK;x;
2113;169;118;100;KYRITZ;x;
2114;128;86;68;HEILIGENGRABE;x;
2115;148;101;85;PRITZWALK;x;
2116;97;66;47;MEYENBURG;x;
2117;128;85;68;PUTLITZ;x;
2118;106;73;55;KARSTADT;x;
2119;155;108;92;LENZEN;x;
2120;27;33;70;PERLEBERG;x;
2121;42;49;94;HAVELBERG;x;
2122;104;74;58;SEEHAUSEN;x;
2123;133;97;76;ARENDSEE;x;
2124;90;60;47;KALBE;x;
2125;147;111;95;BISMARCK;x;
2126;133;96;76;ARNEBURG;x;
2127;104;73;58;TANGERMUNDE;x;
2128;147;113;95;BURGSTALL;x;
2129;133;95;76;LETZLINGEN;x;
2130;104;72;58;GARDELEGEN;x;
2131;133;94;76;BEEZENDORF;x;
2132;104;71;58;DIESDORF;x;
2133;147;112;95;SALZWEDEL;x;
2134;147;95;150;KLOTZE;x;
2135;147;114;95;ERXLEBEN;x;
2136;195;150;92;KALVORDE;x;
2137;244;149;102;KLIETZ;x;
2138;50;60;119;FISCHBECK;x;
2139;224;91;26;JERICHOW;x;
2140;244;155;112;WUSTERWITZ;x;
2141;231;119;64;GENTHIN;x;
2142;183;78;27;BURG;x;
2143;234;122;67;LOSTAU;x;
2144;234;100;34;MOCKERN;x;
2145;201;190;203;GOMMERN;x;
2146;46;55;112;LEITZKAU;x;
2147;111;38;54;GRABOW;x;
2148;136;105;87;GORZKE;x;
2149;251;160;115;WOLMIRSTEDT;x;
2150;231;109;49;HALDENSLEBEN;x;
2151;174;75;27;ALVENSLEBEN;x;
2152;213;99;43;OBISFELDE;x;
2153;164;71;25;WEFERLINGEN;x;
2154;232;124;71;WANZLEBEN;x;
2155;222;102;43;SULZETAL;x;
2156;246;148;99;SCHONEBECK;x;
2157;232;111;51;SACHSENDORF;x;
2158;130;126;29;BARBY;x;
2159;131;49;67;NEULINDAU;x;
2160;222;128;157;ZERBST;x;
2161;236;154;179;KOSWIG;x;
2162;201;106;135;DESSAU;x;
2163;234;150;176;KOTHEN;x;
2164;201;104;135;SANDERSLEBEN;x;
2165;181;84;114;BERNBURG;x;
2166;55;77;208;GERNRODE;x;
2167;187;170;189;LIEBENWERDA;x;
2168;176;155;179;HERZBERG;x;
2169;165;148;167;SCHMIEDEBERG;x;
2170;201;187;203;SCHLIEBEN;x;
2171;187;171;189;SCHONEWALDE;x;
2172;201;188;203;SEYDA;x;
2173;187;172;189;KEMBERG;x;
2174;201;186;203;BITTERFELD;x;
2175;201;189;203;NIEMEGK;x;
2176;187;173;189;BELZIG;x;
2177;200;179;203;TORGAU;x;
2178;234;218;236;MUHLBERG;x;
2179;226;205;229;OSCHATZ;x;
2180;212;192;215;MEISSEN;x;
2181;200;180;203;HAIN;x;
2182;226;206;229;ELSTERWERDA;x;
2183;185;165;188;LAUSSNITZ;x;
2184;212;193;215;RADEBURG;x;
2185;200;182;203;WEHLEN;x;
2186;200;181;203;DOHNA;x;
2187;212;194;215;LAUENSTEIN;x;
2188;226;208;229;PIRNA;x;
2189;212;195;215;WILDENSTEIN;x;
2190;246;229;137;WURZEN;x;
2191;186;169;188;DELITZSCH;x;
2192;174;158;176;EILENBURG;x;
2193;198;184;200;GRIMMA;x;
2194;186;170;188;GROITZSCH;x;
2195;174;157;176;KOLDITZ;x;
2196;186;171;188;LEISNIG;x;
2197;174;156;176;KRIEBSTEIN;x;
2198;198;183;200;ROCHLITZ;x;
2199;70;74;80;ZSCHILLEN;x;
2200;90;79;54;PENIG;x;
2201;234;212;237;RECHENBERG;x;
2202;131;241;137;SAYDA;x;
2203;88;204;91;LAUTERSTEIN;x;
2204;193;87;87;WOLKENSTEIN;x;
2205;186;168;188;FREIBERG;x;
2206;210;196;212;SCHELLENBERG;x;
2207;234;211;237;CHEMNITZ;x;
2208;128;239;134;SACHSENBURG;x;
2209;234;213;237;HAINICHEN;x;
2210;186;167;188;GRUNHAIN;x;
2211;146;243;150;HARTENSTEIN;x;
2212;203;188;205;STOLLBERG;x;
2213;133;244;138;GLAUCHAU;x;
2214;198;115;59;WILDENFELS;x;
2215;112;121;162;EIBENSTOCK;x;
2216;203;187;205;WERDAU;x;
2217;169;155;171;ALTENBURG;x;
2218;104;148;208;ZEITZ;x;
2219;87;107;135;LUTZEN;x;
2220;94;116;147;MERSEBURG;x;
2221;217;127;54;WETTIN;x;
2222;198;181;200;OLSNITZ;x;
2223;174;159;176;ELSTERBERG;x;
2224;76;189;82;AUERBACH;x;
2225;42;167;48;GREIZ;x;
2226;184;169;186;WEIDA;x;
2227;198;184;202;ZIEGENRUCK;x;
2228;44;176;50;GERA;x;
2229;198;183;201;WEISSENFELS;x;
2230;99;141;198;NAUMBURG;x;
2231;183;150;111;HEILIGENSTADT;x;
2232;196;165;128;BISCHOFSTEIN;x;
2233;164;133;97;WORBIS;x;
2234;203;171;134;DUDERSTADT;x;
2235;17;208;220;MUHLHAUSEN;x;
2236;60;138;164;SONDERSHAUSEN;x;
2237;45;120;145;FRANKENHAUSEN;x;
2238;44;123;70;ARTERN;x;
2239;34;106;57;QUERFURT;x;
2240;114;183;205;SANGERHAUSEN;x;
2241;203;207;156;SCHRAPLAU;x;
2242;189;193;144;MANSFELD;x;
2243;173;177;128;ARNSTEIN;x;
2244;233;231;241;KLETTENBERG;x;
2245;208;180;215;HOHNSTEIN;x;
2246;236;110;34;NORDHAUSEN;x;
2247;193;162;201;HERINGEN;x;
2248;173;141;181;STOLBERG;x;
2249;67;116;189;BRAUNLAGE;x;
2250;63;105;169;BLANKENBURG;x;
2251;73;117;183;THALE;x;
2252;180;150;188;WERNIGERODE;x;
2253;147;86;176;QUEDLINBURG;x;
2254;121;65;37;OSTERWIECK;x;
2255;140;75;43;HALBERSTADT;x;
2256;109;56;29;OSCHERSLEBEN;x;
2257;164;91;55;GATERSLEBEN;x;
2258;155;82;46;ASCHERSLEBEN;x;
2259;45;118;142;TETTAU;x;
2260;114;179;201;HILDBURGHAUSEN;x;
2261;98;162;183;SONNEBERG;x;
2262;122;201;227;SAALFELD;x;
2263;41;112;135;LEUTENBERG;x;
2264;36;145;42;SCHLEIZ;x;
2265;100;158;177;ORLAMUNDE;x;
2266;87;140;157;RODA;x;
2267;151;204;222;JENA;x;
2268;123;188;210;LAUCHA;x;
2269;110;176;198;ROSSLEBEN;x;
2270;236;65;56;BEICHLINGEN;x;
2271;126;24;174;BLANKENHAIN;x;
2272;157;48;208;REMDA;x;
2273;137;203;224;KRANICHFELD;x;
2274;41;110;133;RUDOLSTADT;x;
2275;27;82;100;SCHWARZBURG;x;
2276;34;94;114;ARNSTADT;x;
2277;142;37;191;TONNA;x;
2278;134;29;183;GLEICHEN;x;
2279;89;149;169;SCHWARZWALD;x;
2280;97;160;181;GOTHA;x;
2281;89;147;166;EISENACH;x;
2282;114;175;195;TREFFURT;x;
2283;127;189;210;SALZA;x;
2284;138;201;222;TENNSTEDT;x;
2285;219;212;24;EBELEBEN;x;
2286;159;207;208;SCHMALKALDEN;x;
2287;198;141;51;ILMENAU;x;
2288;183;125;34;SCHLEUSINGEN;x;
2289;205;143;46;HENNEBERG;x;
2290;219;159;64;ROMHILD;x;
2291;222;161;66;SALZUNGEN;x;
2292;171;116;30;KALTENSUNDHEIM;x;
2293;193;174;144;MEININGEN;x;
2294;224;217;35;LENGSFELD;x;
2295;195;171;86;VORSFELDE;x;
2296;164;113;167;GREVENLAH;x;
2297;135;87;138;PAPENTEICH;x;
2298;159;111;162;MEINERSEN;x;
2299;135;90;138;LEHRTE;x;
2300;173;125;176;WEDEMARK;x;
2301;128;74;131;WITTINGEN;x;
2302;112;77;63;LESSIEN;x;
2303;176;132;179;ISENHAGEN;x;
2304;123;70;126;GIFHORN;x;
2305;147;94;150;BOLDECKERLAND;x;
2306;108;56;111;ELDINGEN;x;
2307;137;93;140;FASSBERG;x;
2308;133;78;136;LOHHEIDE;x;
2309;116;66;119;WINSEN;x;
2310;152;105;155;AHLDEN;x;
2311;139;89;142;RETHEM;x;
2312;186;146;188;WALSRODE;x;
2313;204;161;207;WIETZENDORF;x;
2314;198;154;201;BODENTIECH;x;
2315;113;62;116;ULZEN;x;
2316;127;86;130;ROSCHE;x;
2317;178;136;181;BEVENSEN;x;
2318;128;75;131;EBSTORF;x;
2319;106;59;109;LOMITZ;x;
2320;164;112;167;LUCHOW;x;
2321;147;93;150;WARPKE;x;
2322;142;90;145;DANNENBERG;x;
2323;120;68;123;HITZACKER;x;
2324;144;92;147;BLECKEDE;x;
2325;115;65;118;AMELINGHAUSEN;x;
2326;177;121;181;HARBURG;x;
2327;132;78;135;HANSTEDT;x;
2328;172;115;176;TOSTEDT;x;
2329;151;97;154;BUCCHOLZ;x;
2330;140;120;51;SUPPLINGENBURG;x;
2331;171;26;26;HELMSTEDT;x;
2332;205;55;55;WARBERG;x;
2333;128;109;44;SCHONINGEN;x;
2334;176;154;76;WOLFENBUTTEL;x;
2335;246;204;59;LIEBENBURG;x;
2336;225;185;46;BOCKENEM;x;
2337;215;176;41;GRONAU;x;
2338;236;194;47;HILDESHEIM;x;
2339;220;181;45;PEINE;x;
2340;195;172;85;NEUSTADT;x;
2341;183;158;73;WOLPE;x;
2342;196;131;131;BUCKEBURG;x;
2343;181;113;113;RINTELN;x;
2344;88;74;25;WUNSTORF;x;
2345;210;186;103;KALENBERG;x;
2346;162;139;58;HALLERMUND;x;
2347;92;86;210;SPIEGELBERG;x;
2348;179;155;70;HAMELN;x;
2349;193;170;92;POLLE;x;
2350;184;158;67;EVERSTEIN;x;
2351;196;173;92;SALZHEMMENDORF;x;
2352;159;135;54;HOMBURGWALD;x;
2353;215;25;25;DASSEL;x;
2354;136;114;38;USLAR;x;
2355;123;103;34;NORTHEIM;x;
2356;207;183;99;GRUBENHAGEN;x;
2357;229;188;46;WESTERHOF;x;
2358;181;155;64;GANDERSHEIM;x;
2359;171;146;58;SEESEN;x;
2360;201;177;95;OSTERODE;x;
2361;220;217;234;SCHARZFELD;x;
2362;249;197;197;WALKENRIED;x;
2363;189;165;84;KATLENBURG;x;
2364;229;223;46;HARDENBERG;x;
2365;181;156;68;SICHELNSTEIN;x;
2366;90;106;200;PLESSE;x;
2367;70;174;112;MINDEN;x;
2368;48;140;85;HAUSBERGE;x;
2369;60;160;100;LUBBECKE;x;
2370;51;143;88;RAHDEN;x;
2371;97;78;48;AUBURG;x;
2372;77;63;40;DIEPHOLZ;x;
2373;131;109;81;HARPSTEDT;x;
2374;177;93;42;TWISTRINGEN;x;
2375;196;189;152;SYKE;x;
2376;171;164;125;BRUCHHAUSEN;x;
2377;122;129;224;THEDINGHAUSEN;x;
2378;184;177;141;NIENBURG;x;
2379;200;193;155;STOLZENAU;x;
2380;184;176;142;UCHTE;x;
2381;150;143;104;SULINGEN;x;
2382;152;155;210;IBURG;x;
2383;119;122;176;MELLE;x;
2384;100;103;159;BOHMTE;x;
2385;120;123;179;MERZEN;x;
2386;94;97;152;QUAKENBRUCK;x;
2387;150;219;126;LINGEN;x;
2388;183;90;34;VECHTA;x;
2389;167;82;31;LOHNE;x;
2390;195;103;47;LONINGEN;x;
2391;217;121;63;KLOPPENBURG;x;
2392;181;93;40;FRIESOYTHE;x;
2393;205;110;53;SOGEL;x;
2394;164;81;32;ESTERWEGEN;x;
2395;179;90;37;PAPENBURG;x;
2396;200;94;31;LATHEN;x;
2397;162;80;30;HASELUNNE;x;
2398;200;99;38;EMSBUREN;x;
2399;215;126;21;BENTHEIM;x;
2400;227;136;28;NEUENHAUS;x;
2401;200;117;18;EMLICHHEIM;x;
2402;229;158;225;PYRMONT;x;
2403;214;90;78;LUGDE;x;
2404;31;98;166;SCHWALENBERG;x;
2405;36;105;176;BOSINGFELD;x;
2406;15;67;121;LEMGO;x;
2407;23;87;152;DETMOLD;x;
2408;16;75;136;LAGE;x;
2409;229;45;36;HERFORD;x;
2410;225;222;169;VLOTHO;x;
2411;203;199;135;LOHNE;x;
2412;217;214;160;VERSMOLD;x;
2413;239;146;194;RIETBERG;x;
2414;139;142;205;WIEDENBRUCK;x;
2415;121;191;97;RHEDA;x;
2416;21;83;149;LIPPSTADT;x;
2417;200;100;40;SASSENBERG;x;
2418;213;116;57;STROMBERG;x;
2419;160;79;29;AHLEN;x;
2420;152;75;29;WOLBECK;x;
2421;142;67;22;WERNE;x;
2422;210;112;53;GREVEN;x;
2423;128;201;102;TECKLENBURG;x;
2424;118;186;94;IBBENBUREN;x;
2425;188;107;58;BEVERGERN;x;
2426;154;76;30;RHEINE;x;
2427;234;141;32;STEINFURT;x;
2428;244;154;49;BORGHORST;x;
2429;210;112;52;SANDWELLE;x;
2430;181;93;42;AHAUS;x;
2431;172;85;33;HORSTMAR;x;
2432;195;98;40;DULMEN;x;
2433;215;117;58;BORKEN;x;
2434;157;77;29;VELEN;x;
2435;241;229;125;GEMEN;x;
2436;181;93;41;BOCHOLT;x;
2437;212;29;29;KORVEY;x;
2438;219;93;82;BRAKEL;x;
2439;201;87;76;DRIBURG;x;
2440;239;124;112;WILLEBADESSEN;x;
2441;200;85;73;WARBURG;x;
2442;219;95;82;LICHTENAU;x;
2443;237;117;104;BUREN;x;
2444;219;94;82;DELBRUCK;x;
2445;66;116;69;BRILON;x;
2446;100;159;103;MESCHEDE;x;
2447;62;111;62;GRAFSCHAFT;x;
2448;49;88;51;RUTHEN;x;
2449;63;112;66;ERWITTE;x;
2450;75;131;78;SOEST;x;
2451;62;111;63;WERL;x;
2452;203;189;131;FREDEBURG;x;
2453;193;179;123;BILSTEIN;x;
2454;62;111;64;ATTENDORN;x;
2455;77;136;80;ESLOHE;x;
2456;188;174;121;ISERLOHN;x;
2457;198;185;132;ALTENA;x;
2458;171;158;108;HAGEN;x;
2459;189;36;36;HOHENLIMBURG;x;
2460;203;191;143;MARK;x;
2461;160;146;92;UNNA;x;
2462;188;174;120;HATTINGEN;x;
2463;200;187;136;BOCHUM;x;
2464;162;153;115;ESSEN;x;
2465;84;243;72;WERDEN;x;
2466;189;36;35;BROICH;x;
2467;68;118;70;RECKLINGHAUSEN;x;
2468;80;131;83;BOTTROP;x;
2469;205;192;139;DUISBURG;x;
2470;193;178;120;DINSLAKEN;x;
2471;207;193;139;WESEL;x;
2472;213;201;151;EMMERICH;x;
2473;200;186;130;XANTEN;x;
2474;155;29;29;STYRUM;x;
2475;200;115;173;METTMANN;x;
2476;222;143;197;SOLINGEN;x;
2477;201;119;175;MISELOHE;x;
2478;219;130;191;HUCKESWAGEN;x;
2479;196;112;169;STEINBACH;x;
2480;227;145;201;PORZ;x;
2481;177;102;153;LULSDORF;x;
2482;186;42;140;SIEGBURG;x;
2483;210;184;37;LOWENBURG;x;
2484;215;126;187;BLANKENBERG;x;
2485;229;142;201;WINDECK;x;
2486;239;231;25;HOMBURG;x;
2487;205;191;137;GIMBORN;x;
2488;69;116;71;RHEINBERG;x;
2489;203;86;102;MORS;x;
2490;76;123;77;KAISERSWERTH;x;
2491;68;111;70;NEUSS;x;
2492;217;137;34;MYLLENDONK;x;
2493;213;206;86;DYCK;x;
2494;96;97;96;ELSEN;x;
2495;76;123;78;BEDBURG;x;
2496;196;118;171;BERGHEIM;x;
2497;67;109;69;DEUTZ;x;
2498;76;123;76;ZULPICH;x;
2499;65;104;67;BONN;x;
2500;154;40;75;KERPEN;x;
2501;231;150;205;EUSKIRCHEN;x;
2502;229;147;202;BRUGGEN;x;
2503;72;171;76;WICKRATH;x;
2504;229;143;202;BOSLAR;x;
2505;249;177;226;ESCHWEILER;x;
2506;101;246;108;KORNELIMUNSTER;x;
2507;213;134;188;DUREN;x;
2508;205;123;179;MONSCHAU;x;
2509;229;147;203;NORVENICH;x;
2510;239;164;215;KALL;x;
2511;76;123;75;WEYER;x;
2512;169;52;77;AREMBERG;x;
2513;169;74;108;BLANKENHEIM;x;
2514;183;85;120;GEROLSTEIN;x;
2515;174;70;70;WILDUNGEN;x;
2516;143;57;57;WALDECK;x;
2517;72;129;193;ITTER;x;
2518;191;160;122;HOFGEISMAR;x;
2519;97;184;211;REINHARDSWALD;x;
2520;84;170;198;WOLFHAGEN;x;
2521;191;160;123;FRITZLAR;x;
2522;97;183;212;GUDENSBERG;x;
2523;84;170;197;MELSUNGEN;x;
2524;97;181;212;WITZENHAUSEN;x;
2525;84;170;196;ESCHWEGE;x;
2526;241;232;62;BOYNEBURG;x;
2527;97;182;212;SONTRA;x;
2528;114;201;228;HOMBERG;x;
2529;85;41;140;OBERZELLA;x;
2530;102;55;160;HERSFELD;x;
2531;54;150;181;ZIEGENHAIN;x;
2532;241;233;62;JESBERG;x;
2533;183;151;114;BATTENBERG;x;
2534;106;195;217;WETTER;x;
2535;191;160;124;AMONEBURG;x;
2536;97;184;212;SCHOTTEN;x;
2537;54;151;181;NIDDA;x;
2538;84;171;196;GIESSEN;x;
2539;114;201;224;BUSECK;x;
2540;84;171;195;BIEDENKOPF;x;
2541;241;235;58;BREIDENBACH;x;
2542;241;235;62;GLEIBERG;x;
2543;116;95;61;ENGELROD;x;
2544;224;213;30;RIEDESEL;x;
2545;220;209;34;SCHLITZ;x;
2546;225;213;26;TANN;x;
2547;118;97;63;HUNFELD;x;
2548;106;85;53;NEUENBERG;x;
2549;128;104;67;BRUCKENAU;x;
2550;234;227;23;BERLEBURG;x;
2551;213;206;23;WITTGENSTEIN;x;
2552;76;70;183;SIEGEN;x;
2553;83;78;177;BURBACH;x;
2554;73;68;166;DILLENBURG;x;
2555;181;136;38;DRIEDORF;x;
2556;117;112;217;BEILSTEIN;x;
2557;70;66;160;HADAMAR;x;
2558;212;123;108;WESTERBURG;x;
2559;97;92;195;WEILBURG;x;
2560;89;84;186;KLEEBERG;x;
2561;102;96;205;USINGEN;x;
2562;116;111;207;WIESBADEN;x;
2563;61;56;150;DIEZ;x;
2564;90;85;200;MEUDT;x;
2565;196;102;26;VILLMAR;x;
2566;201;113;99;RUNKEL;x;
2567;102;97;200;ESTERAU;x;
2568;243;238;91;NIEVERN;x;
2569;176;131;34;KATZENELNBOGEN;x;
2570;183;152;116;RHEINGAU;x;
2571;200;169;133;BINGEN;x;
2572;56;124;59;EPPSTEIN;x;
2573;196;165;129;HOFHEIM;x;
2574;244;238;86;KRONBERG;x;
2575;58;208;174;HANAU;x;
2576;207;187;15;FRIEDBERG;x;
2577;106;111;106;ARNSBURG;x;
2578;78;155;83;HUNGEN;x;
2579;89;171;92;MUNZENBERG;x;
2580;78;155;82;BRAUNFELS;x;
2581;90;171;94;SOLMS;x;
2582;86;106;225;WETZLAR;x;
2583;61;212;178;SCHLUCHTERN;x;
2584;54;118;57;GEDERN;x;
2585;138;67;9;BUDINGEN;x;
2586;236;226;73;GELNHAUSEN;x;
2587;188;157;121;ORB;x;
2588;75;229;194;ALTENHASSLAU;x;
2589;198;166;127;DIEBURG;x;
2590;105;111;106;HERRENWALD;x;
2591;53;203;169;BABENHAUSEN;x;
2592;145;72;13;DREIEICH;x;
2593;179;134;38;RUSSELSHEIM;x;
2594;189;142;42;DARMSTADT;x;
2595;74;171;168;OTZBERG;x;
2596;191;159;122;BENSHEIM;x;
2597;220;158;158;LAMPERTHEIM;x;
2598;231;169;169;DIRMSTEIN;x;
2599;104;111;106;FLORSHEIM;x;
2600;86;183;180;ALZEY;x;
2601;19;114;85;LEININGEN;x;
2602;97;93;191;BOLANDEN;x;
2603;50;168;138;FALKENSTEIN;x;
2604;115;110;210;RHEINGRAFEN;x;
2605;50;105;157;NEUBAMBERG;x;
2606;229;217;31;SAULHEIM;x;
2607;96;196;192;KREUZNACH;x;
2608;100;205;201;HAARDT;x;
2609;90;191;187;GERMERSHEIM;x;
2610;249;242;242;SPEYER;x;
2611;112;58;54;DEIDESHEIM;x;
2612;130;69;66;DAHN;x;
2613;25;113;212;LANDAU;x;
2614;131;224;221;BERGZABERN;x;
2615;106;207;203;BILLIGHEIM;x;
2616;150;91;154;PIRMASENS;x;
2617;39;128;119;GRAFENSTEIN;x;
2618;69;172;168;SPRENDLINGEN;x;
2619;229;216;32;ESTHAL;x;
2620;177;28;91;WILDENBURG;x;
2621;62;117;63;SCHONSTEIN;x;
2622;152;143;106;HACHENBURG;x;
2623;169;160;125;ALTENKIRCHEN;x;
2624;62;118;63;ALTENWIED;x;
2625;174;87;17;ISENBURG;x;
2626;236;152;83;WIED;x;
2627;169;159;125;SAYN;x;
2628;225;117;30;MONTABAUR;x;
2629;66;122;67;ANDERNACH;x;
2630;236;158;211;SINZIG;x;
2631;239;169;112;NEUENAHR;x;
2632;66;123;67;AHRWEILER;x;
2633;48;162;134;VIRNEBURG;x;
2634;145;29;56;ERBACH;x;
2635;98;196;193;LADENBURG;x;
2636;85;183;180;MANNHEIM;x;
2637;69;167;164;MOSBACH;x;
2638;157;166;219;HEIMBACH;x;
2639;62;157;154;SINSHEIM;x;
2640;134;224;224;LAMBSHEIM;x;
2641;88;186;183;STROMBERG;x;
2642;134;224;223;SIMMERN;x;
2643;84;179;176;SOHREN;x;
2644;80;181;177;BECHERBACH;x;
2645;82;184;180;OTTERBERG;x;
2646;70;171;167;KAISERSLAUTERN;x;
2647;124;118;25;LANDSTUHL;x;
2648;113;109;207;GRUMBACH;x;
2649;113;108;206;DHAUN;x;
2650;34;115;107;LAUTERECKEN;x;
2651;39;126;118;WINTERBURG;x;
2652;37;124;115;KASTELLAUN;x;
2653;52;138;129;TRARBACH;x;
2654;33;112;104;VELDENZ;x;
2655;39;127;118;BIRKENFELD;x;
2656;32;109;101;KUSEL;x;
2657;68;109;69;ZELTINGEN;x;
2658;213;211;197;DAGSTUHL;x;
2659;217;112;27;BLIESKASTEL;x;
2660;79;118;229;OTTWEILER;x;
2661;70;108;219;SAARBRUCKEN;x;
2662;226;216;32;SOTERN;x;
2663;222;211;30;GRIES;x;
2664;228;216;31;OBERSTEIN;x;
2665;221;212;31;KARBACH;x;
2666;227;216;32;OLBRUCK;x;
2667;222;115;28;SANKT WENDEL;x;
2668;237;129;41;MERZIG;x;
2669;220;111;23;SERRIG;x;
2670;203;103;22;HERMESKEIL;x;
2671;232;128;45;NEUMAGEN;x;
2672;220;111;22;WITTLICH;x;
2673;246;143;60;KOCHEM;x;
2674;239;132;46;DAUN;x;
2675;220;111;21;ULMEN;x;
2676;198;100;21;ZELLERHAMM;x;
2677;220;111;20;OBERWESEL;x;
2678;231;121;32;BOPPARD;x;
2679;244;140;56;KEMPENICH;x;
2680;207;197;34;KRUMBACH;x;
2681;99;195;193;LINDENFELS;x;
2682;239;236;157;BREUBERG;x;
2683;126;65;62;BRUCHSAL;x;
2684;65;162;159;BRUHRAIN;x;
2685;100;200;196;BRETTEN;x;
2686;220;200;34;GEMMINGEN;x;
2687;94;102;99;KIRCHHAUSEN;x;
2688;246;83;152;WIMPFEN;x;
2689;83;246;91;HEILBRONN;x;
2690;196;165;127;NECKARSULM;x;
2691;35;104;82;WEINSBERG;x;
2692;75;177;173;LOWENSTEIN;x;
2693;75;82;80;MOCKMUHL;x;
2694;217;60;29;SCHONTAL;x;
2695;65;73;70;OHRINGEN;x;
2696;76;83;81;LANGENBURG;x;
2697;67;75;72;SCHILLINGSFURST;x;
2698;217;206;29;NIEDERSTETTEN;x;
2699;97;106;103;MERGENTHEIM;x;
2700;166;135;98;BURKEN;x;
2701;186;154;116;AMORBACH;x;
2702;201;191;29;BOXBERG;x;
2703;74;174;170;LAUDA;x;
2704;189;180;132;FREUDENBERG;x;
2705;231;228;146;WERTHEIM;x;
2706;237;226;47;KLINGENBERG;x;
2707;169;137;100;STADTPROZELTEN;x;
2708;191;157;117;ROTHENBUCH;x;
2709;224;127;69;RIENECK;x;
2710;207;196;28;JOSSA;x;
2711;219;208;36;BURGSINN;x;
2712;232;220;25;ADELSHEIM;x;
2713;176;165;118;ROTTINGEN;x;
2714;186;178;128;URSPRINGEN;x;
2715;196;187;139;KARLBURG;x;
2716;186;176;128;KITZINGEN;x;
2717;196;186;139;GEROLZHOFEN;x;
2718;186;177;128;HASSFURT;x;
2719;186;175;128;EBRACH;x;
2720;176;167;118;TRIMBERG;x;
2721;186;174;128;KISSINGEN;x;
2722;176;166;118;MELLRICHSTADT;x;
2723;196;188;138;BISCHOFSHEIM;x;
2724;217;159;66;ASCHACH;x;
2725;222;163;69;KONIGSHOFEN;x;
2726;99;168;191;OSTHEIM;x;
2727;103;171;193;NASSACH;x;
2728;208;45;28;SCHWEINFURT;x;
2729;112;108;107;REICHENBACH;x;
2730;232;218;25;ERLSDORF;x;
2731;232;219;25;MASSBACH;x;
2732;232;221;25;LISBERG;x;
2733;107;169;87;EINERSHEIM;x;
2734;153;168;219;BIEBELRIED;x;
2735;67;64;119;KASTELL;x;
2736;130;119;55;SCHWARZENBERG;x;
2737;192;237;167;WINDSHEIM;x;
2738;143;96;148;HOHENLOHE;x;
2739;195;186;135;KOMBURG;x;
2740;157;149;22;HALL;x;
2741;106;167;88;LIMPURG;x;
2742;224;212;31;STREITBERG;x;
2743;241;240;209;HOCHSTADT;x;
2744;213;212;160;FORCHHEIM;x;
2745;229;229;187;VILSECK;x;
2746;213;202;27;LANZENDORF;x;
2747;229;228;188;STAFFELSTEIN;x;
2748;215;214;163;LICHTENFELS;x;
2749;224;223;179;KRONACH;x;
2750;201;184;57;HOHENECK;x;
2751;186;171;50;MUNCHSTEINACH;x;
2752;196;178;57;ERLANGEN;x;
2753;201;185;58;KREUSSEN;x;
2754;201;186;58;KULMBACH;x;
2755;224;213;31;WALDENFELS;x;
2756;174;161;50;WUNSIEDEL;x;
2757;186;172;50;HOF;x;
2758;149;104;154;FEUCHTWANGEN;x;
2759;135;91;140;HOHENTRUDINGEN;x;
2760;149;106;154;STAUF;x;
2761;149;105;154;SCHWABACH;x;
2762;54;89;167;BERCHING;x;
2763;48;80;154;EICHSTATT;x;
2764;48;82;154;SPALT;x;
2765;48;81;154;HERRIEDEN;x;
2766;181;170;203;BAIRISCH WEISSENBURG;x;
2767;120;201;25;HEIDECK;x;
2768;215;208;23;PAPPENHEIM;x;
2769;214;208;23;SUGENHEIM;x;
2770;89;96;94;VIRNSBERG;x;
2771;89;97;94;ELLINGEN;x;
2772;232;142;25;HERSBRUCK;x;
2773;212;129;22;VELDEN;x;
2774;148;183;215;HILPOLTSTEIN;x;
2775;76;189;100;WOLFSTEIN;x;
2776;98;203;201;NEUMARKT;x;
2777;88;97;94;POSTBAUER;x;
2778;70;171;166;HELFENBERG;x;
2779;178;132;201;ALLERSBURG;x;
2780;97;202;201;HIRSCHAU;x;
2781;145;181;215;SULZBACH;x;
2782;98;202;201;ESCHENBACH;x;
2783;98;201;201;SCHNAITTACH;x;
2784;144;181;215;WEIDEN;x;
2785;70;173;167;KEMNATH;x;
2786;123;205;27;STORNSTEIN;x;
2787;179;89;110;WALDSASSEN;x;
2788;169;80;101;TIRSCHENREUTH;x;
2789;76;89;189;WALDTHURN;x;
2790;143;181;214;FLOSS;x;
2791;237;168;150;LEUCHTENBERG;x;
2792;70;172;167;NABBURG;x;
2793;98;204;201;WALDAU;x;
2794;109;219;215;NEUNBURG;x;
2795;98;205;201;RODING;x;
2796;210;75;186;ABENSBERG;x;
2797;65;124;166;RIEDENBURG;x;
2798;83;212;232;DIETFURT;x;
2799;222;211;28;BREITENEGG;x;
2800;53;109;148;HEMAU;x;
2801;83;101;248;PARSBERG;x;
2802;83;213;232;LAABER;x;
2803;94;113;158;EHRENFELS;x;
2804;98;200;199;HOHENFELS;x;
2805;55;108;145;LENGENFELD;x;
2806;64;124;166;SCHWANDORF;x;
2807;61;120;162;REGENSTAUF;x;
2808;167;122;191;WORTH;x;
2809;154;98;183;WIESENT;x;
2810;78;139;181;MITTERFELS;x;
2811;158;246;255;DEGENBERG;x;
2812;145;184;217;WALDMUNCHEN;x;
2813;55;103;136;CHAM;x;
2814;66;125;166;KOTZTING;x;
2815;55;113;154;VIECHTACH;x;
2816;227;81;150;FREYUNG;x;
2817;225;97;157;WEGSCHEID;x;
2818;239;172;154;HALS;x;
2819;93;217;236;VILSHOFEN;x;
2820;231;239;231;NEUBURG;x;
2821;54;130;244;ORTENBERG;x;
2822;31;31;201;HAIDENBURG;x;
2823;234;170;152;OSTERHOFEN;x;
2824;131;223;237;NIEDERALTEICH;x;
2825;46;100;137;REGEN;x;
2826;158;246;254;ZWIESEL;x;
2827;81;204;227;GRAFENAU;x;
2828;138;178;215;VORNBACH;x;
2829;74;195;213;GRIESBACH;x;
2830;81;205;227;PFARRKIRCHEN;x;
2831;71;194;212;EGGENFELDEN;x;
2832;222;81;147;OBERNBERG;x;
2833;110;220;236;OTTING;x;
2834;181;151;33;MUHLDORF;x;
2835;81;208;227;KRAIBURG;x;
2836;28;28;203;HAAG;x;
2837;110;123;164;BURGRAIN;x;
2838;80;137;177;ABBACH;x;
2839;135;173;208;PFAFFENBERG;x;
2840;144;181;214;DINGOLFING;x;
2841;93;216;236;PILSTING;x;
2842;130;225;239;VILSBIBURG;x;
2843;64;173;189;GEISENHAUSEN;x;
2844;74;194;213;ROTTENBURG;x;
2845;81;206;227;MARQUARTSTEIN;x;
2846;69;187;205;TRAUNSTEIN;x;
2847;123;162;198;CHIEMSEE;x;
2848;135;173;206;WASSERBURG;x;
2849;149;185;219;EBERSBERG;x;
2850;70;189;207;ERDING;x;
2851;109;218;234;MOOSBURG;x;
2852;81;207;227;INDERSDORF;x;
2853;43;99;138;SCHEYERN;x;
2854;51;111;152;VOHBURG;x;
2855;46;100;138;KELHEIM;x;
2856;135;173;205;GRAISBACH;x;
2857;155;193;229;RAIN;x;
2858;121;161;198;WITTELSBACH;x;
2859;135;173;207;SCHROBENHAUSEN;x;
2860;55;111;150;DACHAU;x;
2861;54;110;150;ANDECHS;x;
2862;74;133;174;FURSTENFELDBRUCK;x;
2863;58;118;160;LECHRAIN;x;
2864;49;104;143;AIBLING;x;
2865;123;57;76;HOHENWALDECK;x;
2866;39;90;126;VALLEY;x;
2867;58;117;160;TEGERNSEE;x;
2868;73;131;172;WOLFRATSHAUSEN;x;
2869;55;110;148;TOLZ;x;
2870;41;94;131;WEILHEIM;x;
2871;58;116;160;ESCHENLOHE;x;
2872;72;129;169;SCHONGAU;x;
2873;187;96;193;SCHWANGAU;x;
2874;87;171;91;PFORZHEIM;x;
2875;224;204;40;NEUHAUSEN;x;
2876;210;18;54;MALSCH;x;
2877;89;176;93;RASTATT;x;
2878;205;18;54;HERRENALB;x;
2879;126;193;129;EBERSTEIN;x;
2880;231;223;89;OBERKIRCH;x;
2881;225;118;65;ORTENAU;x;
2882;225;95;241;WILLSTATT;x;
2883;86;172;90;STAUFENBERG;x;
2884;239;64;225;OFFENBURG;x;
2885;166;155;37;GENGENBACH;x;
2886;215;220;237;ZELL;x;
2887;73;87;193;GEROLDSECK;x;
2888;186;82;97;LAHR;x;
2889;208;189;33;KEHL;x;
2890;239;231;105;ETTENHEIM;x;
2891;96;183;100;HACHBERG;x;
2892;237;139;91;KENZINGEN;x;
2893;234;121;65;TRIBERG;x;
2894;243;146;98;BREITNAU;x;
2895;149;166;222;HEITERSHEIM;x;
2896;88;100;96;MERDINGEN;x;
2897;100;128;193;BADENWEILER;x;
2898;213;96;39;SANKT BLASIEN;x;
2899;101;188;105;SAUSENBERG;x;
2900;89;171;91;ROTTELN;x;
2901;170;192;241;SCHLIENGEN;x;
2902;243;143;93;TODTNAU;x;
2903;227;112;55;HAUENSTEIN;x;
2904;41;68;130;KAISERSTUHL;x;
2905;208;203;66;KLETTGAU;x;
2906;222;174;214;STUHLINGEN;x;
2907;232;193;225;BONNDORF;x;
2908;217;198;40;DONAUESCHINGEN;x;
2909;151;213;79;BAAR;x;
2910;151;212;79;FURSTENBERG;x;
2911;231;121;67;VILLINGEN;x;
2912;151;168;225;DURRHEIM;x;
2913;57;68;213;ROTTENMUNSTER;x;
2914;243;237;75;ROTTWEIL;x;
2915;225;114;60;SCHRAMBERG;x;
2916;145;211;148;HORNBERG;x;
2917;153;215;81;WOLFACH;x;
2918;73;86;185;ROMBERG;x;
2919;73;86;186;SULZ;x;
2920;201;183;28;GLATT;x;
2921;151;167;225;REXINGEN;x;
2922;227;117;63;HORB;x;
2923;223;204;40;VOLLMARINGEN;x;
2924;151;167;224;ROHRDORF;x;
2925;104;186;107;LIEBENZELL;x;
2926;161;224;164;ALPIRSBACH;x;
2927;145;210;148;DORNSTETTEN;x;
2928;168;229;171;NAGOLD;x;
2929;146;212;151;KALW;x;
2930;168;229;172;TUBINGEN;x;
2931;140;203;145;BOBLINGEN;x;
2932;232;202;227;WEIL;x;
2933;250;50;50;ESSLINGEN;x;
2934;227;116;63;WERNAU;x;
2935;123;195;127;STUTTGART;x;
2936;168;229;173;LEONBERG;x;
2937;143;210;148;LAUFFEN;x;
2938;87;172;91;BESIGHEIM;x;
2939;222;204;40;BONNIGHEIM;x;
2940;109;79;154;MAULBRONN;x;
2941;108;79;154;LUSSHEIM;x;
2942;205;98;45;HAIGERLOCH;x;
2943;106;104;112;HOHENZOLLERN;x;
2944;191;88;115;TROCHTELFINGEN;x;
2945;219;199;39;GAMMERTINGEN;x;
2946;176;82;106;VERINGEN;x;
2947;191;89;115;SIGMARINGEN;x;
2948;243;134;229;BEURON;x;
2949;219;112;59;KRAUCHENWIES;x;
2950;64;96;198;OSTRACH;x;
2951;219;200;39;LIGGERSDORF;x;
2952;231;101;214;PFULLENDORF;x;
2953;198;97;123;HEILIGENBERG;x;
2954;47;75;138;MEERSBURG;x;
2955;107;121;191;INGOLSTADT;x;
2956;224;134;54;STRAUBING;x;
2957;70;224;54;REGENSBURG;x;
2958;69;101;205;SALEM;x;
2959;146;134;213;UBERLINGEN;x;
2960;191;51;100;HERDWANGEN;x;
2961;150;168;227;NELLENBURG;x;
2962;203;185;32;BODMAN;x;
2963;155;173;232;RADOLFZELL;x;
2964;75;169;217;ALTMARK;x;
2965;52;253;37;VOGTLAND;x;
2966;243;1;69;GLOGAU;x;
2967;32;251;212;EGER;x;
2968;88;163;215;BUDEJOVICE;x;
2969;121;225;101;STERNBERG;x;
2970;255;239;163;HRADEKCO;x;
2971;231;154;5;HOYA;x;
2972;249;240;1;PADERBORN;x;
2973;255;162;53;MEPPEN;x;
2974;248;19;19;LOON;x;
2975;42;231;108;KLEVES;x;
2976;205;23;23;UMBRIA;x;
2977;248;231;136;URBINO;x;
2978;99;204;234;AREZZO;x;
2979;192;219;10;NOVARA;x;
2980;241;15;15;LUCCA;x;
2981;222;108;69;ASTI;x;
2982;96;97;100;MAINAU;x;
2983;39;66;126;OHNINGEN;x;
2984;120;84;164;REICHENAU;x;
2985;231;181;222;ENGEN;x;
2986;170;231;175;TUTTLINGEN;x;
2987;222;170;213;SCHWENNINGEN;x;
2988;42;69;131;WURMLINGEN;x;
2989;220;201;39;MESSKIRCH;x;
2990;200;182;33;BOTTINGEN;x;
2991;237;125;71;HOHENBERG;x;
2992;91;125;222;ALBENGA;x;
2993;136;48;142;STARGARD;x;
2994;248;245;157;GREIFSWALD;x;
2995;234;228;174;STOLP;x;
2996;229;171;33;WISMAR;x;
2997;135;196;139;BALINGEN;x;
2998;201;183;35;STARZACH;x;
2999;142;212;147;MUNSINGEN;x;
3000;165;232;169;TECK;x;
3001;152;220;156;HOHENSTAUFEN;x;
3002;129;205;135;WELZHEIM;x;
3003;173;234;177;WAIBLINGEN;x;
3004;152;220;157;BACKNANG;x;
3005;169;179;219;AFFALTRACH;x;
3006;196;185;26;TALHEIM;x;
3007;196;185;25;HUTTLINGEN;x;
3008;208;44;36;AALEN;x;
3009;212;205;91;GMUND;x;
3010;196;186;25;RECHBERG;x;
3011;205;100;191;REUTLINGEN;x;
3012;196;185;27;GOMARINGEN;x;
3013;196;185;28;JUSTINGEN;x;
3014;229;145;64;BLAUBEUREN;x;
3015;65;107;69;WIESENSTEIG;x;
3016;241;241;242;HELFENSTEIN;x;
3017;218;220;229;SOFLINGEN;x;
3018;63;96;203;ELCHINGEN;x;
3019;229;154;134;RAMMINGEN;x;
3020;222;139;57;HEIDENHEIM;x;
3021;227;220;24;GIENGEN;x;
3022;145;184;220;GUNDELFINGEN;x;
3023;25;188;144;DILLINGEN;x;
3024;203;191;28;DISCHINGEN;x;
3025;224;149;129;KAISHEIM;x;
3026;205;205;210;OTTINGEN;x;
3027;195;195;205;SPIELBERG;x;
3028;217;217;220;WALLERSTEIN;x;
3029;159;241;238;NORDLINGEN;x;
3030;88;89;94;REIMLINGEN;x;
3031;189;38;59;BOPFINGEN;x;
3032;88;88;94;KAPFENBURG;x;
3033;204;191;28;WEILTINGEN;x;
3034;241;148;115;DINKELSBUHL;x;
3035;89;89;94;WEIDELBACH;x;
3036;163;163;169;ELLWANGEN;x;
3037;150;150;154;NERESHEIM;x;
3038;212;201;31;SATTELDORF;x;
3039;197;96;46;EHINGEN;x;
3040;231;209;25;HAYINGEN;x;
3041;213;105;52;ZWIEFALTEN;x;
3042;198;96;46;SAULGAU;x;
3043;129;167;225;SCHEER;x;
3044;225;118;64;MARCHTAL;x;
3045;225;204;25;STADION;x;
3046;172;141;57;HEGGBACH;x;
3047;69;100;200;SCHEMMERBERG;x;
3048;217;64;34;BIBERACH;x;
3049;21;121;35;KIRCHBERG;x;
3050;186;186;179;GUTENZELL;x;
3051;72;72;150;OCHSENHAUSEN;x;
3052;134;172;229;ROT;x;
3053;237;134;224;DURNAU;x;
3054;138;59;147;BUCHAU;x;
3055;186;166;112;SCHUSSENRIED;x;
3056;27;136;43;KONIGSEGG;x;
3057;128;122;117;ALTSHAUSEN;x;
3058;229;137;76;WEINGARTEN;x;
3059;159;197;241;RAVENSBURG;x;
3060;118;181;50;WEISSENAU;x;
3061;220;67;13;BUCHHORN;x;
3062;195;93;44;BAIENFURT;x;
3063;64;246;240;LINDAU;x;
3064;50;104;164;TETTNANG;x;
3065;26;131;41;ACHBERG;x;
3066;112;63;30;NEURAVENSBURG;x;
3067;56;45;166;WANGEN;x;
3068;217;211;40;RATZENRIED;x;
3069;220;93;204;ISNY;x;
3070;103;145;207;TRAUCHBURG;x;
3071;189;93;45;HERLAZHOFEN;x;
3072;224;131;69;LEUTKIRCH;x;
3073;120;159;217;WALDBURG;x;
3074;225;135;75;AUSNANG;x;
3075;183;159;27;BUCHENBERG;x;
3076;70;234;77;KEMPTEN;x;
3077;201;175;33;THINGAU;x;
3078;18;203;153;RETTENBERG;x;
3079;31;225;172;FUSSEN;x;
3080;213;207;38;HOHENFREIBERG;x;
3081;20;207;156;OBERDORF;x;
3082;33;225;42;KAUFBEUREN;x;
3083;215;209;40;WAAL;x;
3084;22;207;157;STRASSVOGTEI;x;
3085;53;110;150;SCHWABEGG;x;
3086;200;58;71;IRSEE;x;
3087;195;189;27;MINDELHEIM;x;
3088;30;62;224;OTTOBEUREN;x;
3089;210;204;35;BEBENHAUSEN;x;
3090;76;137;179;WEISSENHORN;x;
3091;207;112;66;ROGGENBURG;x;
3092;130;66;35;WETTENHAUSEN;x;
3093;207;201;34;ICHENHAUSEN;x;
3094;23;130;38;URSBERG;x;
3095;21;203;154;THANNHAUSEN;x;
3096;198;101;54;BURGAU;x;
3097;213;116;68;RONSBERG;x;
3098;181;89;44;ZUSMARSHAUSEN;x;
3099;215;119;72;WELDEN;x;
3100;205;199;34;WERTINGEN;x;
3101;107;102;100;LAUTERBACH;x;
3102;51;157;153;WAASLAND;x;
3103;74;186;182;LOKEREN;x;
3104;43;142;139;GENT;x;
3105;54;160;156;EEKLO;x;
3106;30;112;109;AALTER;x;
3107;72;184;180;OUDENAARDE;x;
3108;74;184;180;BRUGGE;x;
3109;31;116;113;DAMME;x;
3110;59;164;160;TIELT;x;
3111;43;140;137;ROESELARE;x;
3112;30;118;115;KORTRIJK;x;
3113;42;142;138;MOUSCRON;x;
3114;24;108;157;TOURNAI;x;
3115;12;90;135;LECELLES;x;
3116;60;169;165;TOURCOING;x;
3117;76;188;184;DOUAI;x;
3118;174;117;232;OSTREVENT;x;
3119;203;184;144;SOUILLY;x;
3120;183;165;126;REVIGNY;x;
3121;200;181;140;BAR-LE-DUC;x;
3122;160;142;103;SAMPIGNY;x;
3123;177;160;125;LIGNY;x;
3124;160;143;107;ANCERVILLE;x;
3125;207;42;19;DITMARSCHEN;x;
3126;97;97;97;MOREALPS;x;
3127;193;193;193;WASTEBLOCKER;x;
3128;194;188;180;BR4;x;
3129;193;190;185;BR5;x;
3130;192;192;192;BR6;x;
3131;195;193;181;BR1;x;
3132;195;194;189;BR2;x;
3133;185;185;185;BR3;x;
3134;106;106;106;DENMARK;x;
3135;56;56;56;POLAND;x;
3136;140;140;140;HUNGARY;x;
3137;78;78;78;CROATIA;x;
3138;189;189;189;BALKANS;x;
3139;107;107;107;FRANCE;x;
3140;109;109;109;NAPLES;x;
3141;225;223;29;THE ALPS;x;
3142;42;42;42;CORSICAN MOUNTAINS;x;
3143;237;230;38;ALPS2;x;
3144;224;220;117;ALPS3;x;
3145;208;202;39;ALPS4;x;
3146;231;224;22;ALPS5;x;
3147;43;43;43;APPENINES;x;
3148;44;44;44;APPENINES1;x;
3149;45;45;45;APPENINES2;x;
3150;46;46;46;APPENINES3;x;
3151;47;47;47;APPENINES4;x;
3152;48;48;48;AMIATA;x;
3153;49;49;49;APPENINES5;x;
3154;50;50;50;APPENINES6;x;
3155;51;51;51;ALPS6;x;
3156;52;52;52;ALPS7;x;
3157;53;53;53;ALPS8;x;
3158;54;54;54;ALPS9;x;
3159;55;55;55;ALPS10;x;
3160;61;61;61;ALPS11;x;
3161;57;57;57;ALPS12;x;
3162;58;58;58;ALPS13;x;
3163;59;59;59;ALPS14;x;
3164;60;60;60;ALPS15;x;
3165;62;62;62;ALPS16;x;
3166;63;63;63;ALPS17;x;
3167;64;64;64;ALPS18;x;
3168;65;65;65;ALPS19;x;
3169;66;66;66;ALPS20;x;
3170;67;67;67;ALPS21;x;
3171;68;68;68;ALPS22;x;
3172;69;69;69;ALPS23;x;
3173;70;70;70;ALPS24;x;
3174;71;71;71;APPENINES7;x;
3175;72;72;72;ALPS25;x;
3176;73;73;73;ALPS26;x;
3177;74;74;74;ALPS27;x;
3178;75;75;75;ALPS28;x;
3179;76;76;76;ALPS29;x;
3180;77;77;77;ALPS30;x;
3181;79;79;79;ALPS31;x;
3182;80;80;80;ALPS32;x;
3183;81;81;81;ALPS33;x;
3184;82;82;82;ALPS34;x;
3185;83;83;83;ALPS35;x;
3186;84;84;84;ALPS36;x;
3187;85;85;85;ALPS37;x;
3188;86;86;86;ALPS38;x;
3189;87;87;87;ALPS39;x;
3190;88;88;88;ALPS40;x;
3191;89;89;89;ALPS41;x;
3192;90;90;90;ALPS42;x;
3193;91;91;91;ALPS43;x;
3194;92;92;92;ALPS44;x;
3195;93;93;93;ALPS45;x;
3196;94;94;94;ALPS46;x;
3197;95;95;95;ALPS47;x;
3198;96;96;96;ALPS48;x;
3199;193;174;135;GONDRECOURT;x;
3200;164;146;108;BOURMONT;x;
3201;179;161;124;LAMARCHE;x;
3202;90;172;71;CHATEAUDAUPHIN;x;
3203;99;191;77;CLUSON;x;
3204;88;171;69;OULX;x;
3205;59;126;43;QUEYRAS;x;
3206;73;147;55;BRIANCON;x;
3207;70;176;100;GUILLESTRE;x;
3208;83;207;118;EMBRUN;x;
3209;163;234;183;OISANS;x;
3210;113;210;141;MATHEYSINE;x;
3211;93;193;122;TRIEVES;x;
3212;147;220;167;VILLARD;x;
3213;69;172;98;GRENOBLE;x;
3214;116;210;143;GRESIVAUDAN;x;
3215;145;217;165;CHARTREUSE;x;
3216;93;194;122;SAINT-MARCELLIN;x;
3217;64;166;93;BIEVRE;x;
3218;166;237;186;VOIRON;x;
3219;93;193;120;TOUR-DU-PIN;x;
3220;153;229;174;CREMIEU;x;
3221;48;237;244;OLOMOUC;x;
3222;37;208;93;LIEGNITZ;x;
3223;113;208;140;BOURGOIN;x;
3224;73;181;104;VENISSIEUX;x;
3225;157;231;178;VIENNE;x;
3226;61;160;89;ROUSSILLON;x;
3227;93;192;120;BEAUREPAIRE;x;
3228;112;210;140;ALBON;x;
3229;141;217;163;SAINT-DONAT;x;
3230;74;179;103;ROMANS;x;
3231;152;227;173;VALENCE;x;
3232;113;210;140;VERCORS;x;
3233;94;193;122;LORIOL;x;
3234;167;237;187;MONTELIMAR;x;
3235;113;210;139;DIEULEFIT;x;
3236;79;183;108;CREST;x;
3237;86;205;120;DIE;x;
3238;165;237;186;SAINT-NAZAIRE;x;
3239;116;212;143;CREYERS;x;
3240;140;229;165;NYONS;x;
3241;84;181;112;MONTAUBAN;x;
3242;81;201;115;SERRES;x;
3243;70;175;100;DEVOLUY;x;
3244;135;224;160;GAP;x;
3245;167;239;187;CHAMPSAUR;x;
3246;249;184;127;CONDORCET;x;
3247;89;157;159;GRIGNAN;x;
3248;255;178;107;ORANGE;x;
3249;205;179;109;VALREAS;x;
3250;219;194;128;BOLLENE;x;
3251;181;154;83;VENASQUE;x;
3252;205;178;107;CARPENTRAS;x;
3253;212;187;121;L'ISLE;x;
3254;167;141;72;AVIGNON;x;
3255;103;183;175;GUILLAUMES;x;
3256;122;209;212;VENCE;x;
3257;72;140;142;CANNES;x;
3258;109;190;193;GRASSE;x;
3259;80;177;181;ANNOT;x;
3260;71;138;140;CASTELLANE;x;
3261;114;204;207;COLMARS;x;
3262;106;188;191;BARREME;x;
3263;127;203;195;MOUSTIERS;x;
3264;127;214;217;VALENSOLE;x;
3265;108;185;188;AUPS;x;
3266;68;134;136;BARJOLS;x;
3267;119;207;210;BRIGNOLES;x;
3268;110;188;191;SAINT-MAXIMIN;x;
3269;88;180;183;BORMES;x;
3270;107;186;189;HYERES;x;
3271;131;216;219;TOULON;x;
3272;68;134;135;LA CIOTAT;x;
3273;128;214;217;FREJUS;x;
3274;64;131;133;SAINT-TROPEZ;x;
3275;124;200;192;LORGUES;x;
3276;82;176;179;DRAGUIGNAN;x;
3277;93;161;164;FAYENCE;x;
3278;109;186;189;MARSEILLE;x;
3279;125;214;217;MARTIGUES;x;
3280;145;229;232;AIX-EN-PROVENCE;x;
3281;79;175;179;ROUSSET;x;
3282;93;160;163;LAMBESC;x;
3283;144;229;232;SALON;x;
3284;65;129;131;TARASCON;x;
3285;107;193;196;LES BAUX;x;
3286;93;166;169;ARLES;x;
3287;83;179;183;SAINTES-MARIES;x;
3288;124;209;212;PERTUIS;x;
3289;104;181;184;APT;x;
3290;87;155;157;SAULT;x;
3291;120;198;190;MANOSQUE;x;
3292;64;128;130;FORCALQUIER;x;
3293;76;173;177;ORAISON;x;
3294;91;155;157;DIGNE;x;
3295;100;176;179;SISTERON;x;
3296;68;133;135;BAYONS;x;
3297;127;214;216;SEYNE;x;
3298;93;164;167;REMUZAT;x;
3299;37;213;225;COTE CARAMGUAISE;x;
3300;113;232;241;COTE BLEUE;x;
3301;37;214;225;COTE DES MAURES;x;
3302;113;233;241;COTE DEL ESTEREL;x;
3303;93;143;186;CRES;x;
3304;93;142;186;LOSINJ;x;
3305;93;141;186;RAB;x;
3306;93;140;186;PAG;x;
3307;93;139;186;MOLAT;x;
3308;93;136;186;DUGI;x;
3309;93;135;186;KORNATI;x;
3310;93;138;186;UGLJAN;x;
3311;93;137;186;PASMAN;x;
3312;93;134;186;ZIRJE;x;
3313;80;111;172;NOVIGRAD;x;
3314;93;126;186;ZADAR;x;
3315;80;112;172;BIOGRAD;x;
3316;93;127;186;SIBENIK;x;
3317;80;113;172;TROGIR;x;
3318;93;128;186;SPLIT;x;
3319;93;133;186;SOLTA;x;
3320;93;132;186;BRAC;x;
3321;93;131;186;HVAR;x;
3322;93;130;186;VIS;x;
3323;93;129;186;KORCULA;x;
3324;164;95;132;LASTOVO;x;
3325;164;94;132;MLJET;x;
3326;189;109;155;PELJESAC;x;
3327;164;92;132;SLANO;x;
3328;189;110;155;DUBROVNIK;x;
3329;164;93;132;KONAVLE;x;
3330;60;186;189;VINODOLSKI KANAL;x;
3331;56;213;241;KVARNERSKI ZALJEV;x;
3332;59;239;241;KVARNERIC;x;
3333;60;187;189;ZADARSKI KANAL;x;
3334;45;176;184;DUGISKI KANAL;x;
3335;56;212;241;KORNATSKI KANAL;x;
3336;62;185;186;SIBENSKI KANAL;x;
3337;44;171;179;SPLITSKI KANAL;x;
3338;58;239;240;HVARSKI KANAL;x;
3339;64;188;189;MALOSTONSKI ZALJEV;x;
3340;60;212;239;VISKI KANAL;x;
3341;50;178;186;LASTOVSKI KANAL;x;
3342;59;235;237;MLJETSKI KANAL;x;
3343;60;213;237;BOKA KOTORSKA;x;
3344;36;193;203;PELAGOSA SILL;x;
3345;44;205;215;PELAGOSA SILL;x;
3346;74;215;241;GOLFO DI MANFREDONIA;x;
3347;122;232;239;MARE DI PUGLIA;x;
3348;70;215;241;GOLFO DI RODI;x;
3349;120;234;241;COSTA DEL VASTO;x;
3350;68;216;243;COSTA CHIETINA;x;
3351;128;68;174;GAETA;x;
3352;102;49;142;FORMIA;x;
3353;130;70;176;SESSA;x;
3354;91;40;131;PONTECORVO;x;
3355;163;102;210;CASSINO;x;
3356;141;79;189;SORA;x;
3357;111;58;152;VENAFRO;x;
3358;66;29;94;ALFEDENA;x;
3359;116;63;157;CELANO;x;
3360;88;39;126;AVEZZANO;x;
3361;105;53;145;CITTA DUCALE;x;
3362;148;86;195;AMATRICE;x;
3363;89;38;128;AQUILA;x;
3364;155;93;203;POPOLI;x;
3365;24;57;119;OVERSTICHT;x;
3366;213;194;38;OMMELAND;x;
3367;220;189;139;HAAG;x;
3368;84;40;119;MONTORIO;x;
3369;152;90;200;TERAMO;x;
3370;77;39;107;ATRI;x;
3371;113;59;154;SANT ANGELO;x;
3372;104;51;145;SULMONA;x;
3373;86;40;121;CATIGNANO;x;
3374;150;88;198;CHIETI;x;
3375;74;36;104;LANCIANO;x;
3376;115;60;157;CASOLI;x;
3377;146;82;195;ATESSA;x;
3378;135;73;183;VASTO;x;
3379;84;38;119;LARINO;x;
3380;98;48;136;TERMOLI;x;
3381;86;38;123;AGNONE;x;
3382;158;98;204;ISERNIA;x;
3383;65;30;92;BOJANO;x;
3384;112;58;154;CAMPOBASSO;x;
3385;183;117;234;TRIVENTO;x;
3386;89;40;126;VALFORTORE;x;
3387;162;103;207;CUSANO;x;
3388;142;82;189;PIEDIMONTE;x;
3389;89;39;128;TEANO;x;
3390;147;85;196;SAN SEVERO;x;
3391;97;47;136;LUCERA;x;
3392;145;83;193;TROIA;x;
3393;170;105;220;BOVINO;x;
3394;167;100;219;RIGNANO;x;
3395;106;52;147;FOGGIA;x;
3396;83;37;119;CERIGNOLA;x;
3397;118;65;159;TRINITA;x;
3398;93;44;131;BARLETTA;x;
3399;90;42;126;MANFREDONIA;x;
3400;102;50;142;GARGANO;x;
3401;143;81;191;VARANO;x;
3402;115;62;155;LESINA;x;
3403;38;38;38;MATESE;x;
3404;37;37;37;ABRUZZI APENNINES;x;
3405;39;39;39;GRAN SASSO;x;
3406;24;128;33;ZATOR;x;
3407;19;109;28;JELESNIA;x;
3408;27;147;38;ZYWIEC;x;
3409;34;169;47;MILOWKA;x;
3410;85;143;159;ELBING;x;
3411;119;119;126;LESKE;x;
3412;76;77;78;MARIENBURG;x;
3413;83;83;85;CHRISTBURG;x;
3414;124;124;130;KERSCHITTEN;x;
3415;210;210;215;RIESENBERG;x;
3416;196;196;205;MARIENWERDER;x;
3417;225;225;225;BISCHOFSBURG;x;
3418;98;98;100;ZICHEN;x;
3419;77;76;78;REHDEN;x;
3420;125;125;133;ROGGENHAUSEN;x;
3421;77;75;78;GRAUDENZ;x;
3422;86;86;88;LEIPE;x;
3423;123;123;130;PREUSSISCH STRASBURG;x;
3424;166;166;171;BRIESEN;x;
3425;77;77;78;SCHONSEE;x;
3426;117;117;123;LEIBITSCH;x;
3427;85;144;159;PREUSSISCH THORN;x;
3428;73;73;75;BIRGELAU;x;
3429;100;100;102;ALTHAUS;x;
3430;131;131;133;PAPAU;x;
3431;166;165;171;KULMSEE;x;
3432;85;145;159;KULM;x;
3433;80;80;81;GREBIN;x;
3434;85;146;159;DANZIG;x;
3435;66;66;67;DIRSCHAU;x;
3436;96;96;99;SULMIN;x;
3437;119;119;124;ZUCKAU;x;
3438;84;84;85;MIRCHAU;x;
3439;85;86;87;PUTZIG;x;
3440;75;75;77;HELA;x;
3441;92;94;97;KARTOSCHIN;x;
3442;84;100;86;SASSIN;x;
3443;96;114;98;LEBA;x;
3444;123;136;125;PREUSSISCH LAUENBURG;x;
3445;106;123;108;BUTOW;x;
3446;118;133;120;TUCHEN;x;
3447;95;95;99;SULLENSCHIN;x;
3448;128;127;130;BERENT;x;
3449;71;71;73;SCHONBERG;x;
3450;93;93;97;KISCHAU;x;
3451;77;78;78;SCHONECK;x;
3452;128;126;130;MEWE;x;
3453;94;95;95;PREUSSISCH NEUENBURG;x;
3454;116;116;124;OSSIECK;x;
3455;86;86;87;PREUSSISCH STARGARD;x;
3456;128;128;130;HOCHSTUBLAU;x;
3457;101;101;106;SCHWETZ;x;
3458;72;72;73;JASNITZ;x;
3459;92;92;97;SCHLIEWITZ;x;
3460;126;126;128;BISLAW;x;
3461;116;115;124;TUCHEL;x;
3462;93;92;97;KONITZ;x;
3463;74;74;75;MELCHINGEN;x;
3464;113;113;121;WIELLE;x;
3465;82;83;85;BRUSS;x;
3466;122;122;124;SCHLOCHAU;x;
3467;79;79;80;FRIEDLAND;x;
3468;95;94;99;HAMMERSTEIN;x;
3469;119;118;126;BALDENBURG;x;
3470;70;70;71;PRECHLAU;x;
3471;140;234;239;ZARNOWITZER SEE;x;
3472;140;238;239;DEPPENSEE;x;
3473;140;237;239;RADAUNENSEE;x;
3474;140;236;239;WEITSEE;x;
3475;140;235;239;MUSKENDORFER SEE;x;
3476;89;234;243;SASSINER KUSTE;x;
3477;41;209;220;DANZIGER BUCHT;x;
3478;88;210;209;PUTZIGER BUCHT;x;
3479;38;198;208;FRISCHES HAFF;x;
3480;93;219;218;SLI FJORD;x;
3481;61;233;244;FLENSBORG FJORD;x;
3482;94;217;225;NORDFRISISKE OER;x;
3483;60;238;249;HALLIGER;x;
3484;152;231;233;LANGSOEN;x;
3485;152;231;234;WITTENSEE;x;
3486;222;79;78;AERO;x;
3487;236;146;146;SUNDEVED;x;
3488;231;140;140;BOV;x;
3489;239;153;153;LYKSBORG;x;
3490;222;78;78;FLENSBORG;x;
3491;205;71;71;HANVED;x;
3492;220;117;117;KAPPEL;x;
3493;162;59;59;ISTED;x;
3494;213;110;110;SCHWANSEN;x;
3495;186;88;88;ECKERNBURG;x;
3496;160;63;63;LEHMBEK;x;
3497;208;102;102;SCHLESWIG;x;
3498;184;70;69;KROPP;x;
3499;167;65;65;HUSUM;x;
3500;210;77;77;BREDSTED;x;
3501;225;82;82;JORL;x;
3502;184;68;69;NIBOL;x;
3503;167;64;64;LAEK;x;
3504;184;67;69;SILD;x;
3505;184;66;69;FOR;x;
3506;184;69;69;LANGENAES;x;
3507;184;69;68;STRAND;x;
3508;184;69;67;EJDERSTED;x;
3509;209;185;215;GALLURA;x;
3510;75;104;164;KRK;x;
3511;204;140;212;POLJICA;x;
3512;77;105;164;KOTOR;x;
3513;86;92;128;ROSENHEIM;x;
3514;136;148;128;FREISING;x;
3515;71;104;32;PASSAU;x;
3516;48;231;108;BREGENZ;x;
3517;226;210;106;DONAUW�RTH;x;
3518;27;146;0;KONSTANZ;x;
3519;185;110;79;URACH;x;
3520;139;150;128;DURLACH;x;
3521;135;130;221;ROTHENBURG;x;
3522;223;230;73;COBURG;x;
3523;184;22;22;BAYREUTH;x;
3524;8;175;128;ASCHAFFENBURG;x;
3525;161;116;28;ANNECY;x;
3526;29;123;204;GENEVA;x;
3527;192;98;255;FRIBOURG;x;
3528;33;178;172;ILLANZ;x;
3529;63;106;212;OPOLE;x;
3530;28;140;117;PARDUBICE;x;
3531;182;22;144;JINDRICHUV HRADEC;x;
3532;14;8;38;OSTRAVA;x;
3533;11;159;77;SALUZZO;x;
3534;23;128;70;PAVIA;x;
3535;111;248;124;PADOVA;x;
3536;24;248;124;BOLOGNA;x;
3537;50;217;66;SPOLETO;x;
3538;216;236;203;TERRACINA;x;
3539;110;243;21;TRIESTE;x;
3540;255;193;31;BERGAMO;x;
3541;123;111;79;COMO;x;
3542;206;82;89;HALLE;x;
3543;24;36;126;NORDHAUSEN;x;
3544;70;32;26;WEIMAR;x;
3545;35;63;199;ZWICKAU;x;
3546;86;194;97;R�GEN;x;
3547;213;132;0;WOLGAST;x;
3548;111;118;8;DRAMBURG;x;
3549;170;79;248;BRANDENBURG;x;
3550;39;120;238;STARGARDLAND;x;
3551;162;186;147;CILLI;x;
3552;186;81;38;ETSCH;x;
3553;220;54;163;UPPER CARINTHIA;x;
3554;194;192;231;INNVIERTEL;x;
3555;154;237;147;TRAUNGAU;x;
3556;243;138;80;WIENERWALD;x;
3557;238;230;38;ALPS6;x;
3558;179;106;111;SALINS;x;
3559;255;253;196;MULHOUSE;x;
3560;138;136;91;VERDUN;x;
3561;253;135;143;ZWEIBRUCKEN;x;
3562;253;215;143;JULICH;x;
3563;181;160;75;S-HERTOGENBOSCH;x;
3564;52;36;48;VERDEN;x;
3565;228;189;115;CELLE;x;
3566;70;135;54;G�TTINGEN;x;
3567;175;138;37;FULDA;x;
3568;199;14;89;BIELEFELD;x;
3569;32;31;94;G�RLITZ;x;
3570;45;27;97;PRIEGNITZ;x;
